date,date_time,kommune_bydel_no,kommune_bydel_name,bydel_no,bydel_name,kommune_no,kommune_name,fylke_no,fylke_name,population,cases
2020-04-03,2020-04-03T17:00:00Z,030101,Gamle Oslo,030101,Gamle Oslo,0301,Oslo,03,Oslo,58671,146
2020-04-03,2020-04-03T17:00:00Z,030102,Grünerløkka,030102,Grünerløkka,0301,Oslo,03,Oslo,62423,116
2020-04-03,2020-04-03T17:00:00Z,030103,Sagene,030103,Sagene,0301,Oslo,03,Oslo,45089,84
2020-04-03,2020-04-03T17:00:00Z,030104,St. Hanshaugen,030104,St. Hanshaugen,0301,Oslo,03,Oslo,38945,61
2020-04-03,2020-04-03T17:00:00Z,030105,Frogner,030105,Frogner,0301,Oslo,03,Oslo,59269,119
2020-04-03,2020-04-03T17:00:00Z,030106,Ullern,030106,Ullern,0301,Oslo,03,Oslo,34569,81
2020-04-03,2020-04-03T17:00:00Z,030107,Vestre Aker,030107,Vestre Aker,0301,Oslo,03,Oslo,50157,109
2020-04-03,2020-04-03T17:00:00Z,030108,Nordre Aker,030108,Nordre Aker,0301,Oslo,03,Oslo,52327,92
2020-04-03,2020-04-03T17:00:00Z,030109,Bjerke,030109,Bjerke,0301,Oslo,03,Oslo,33422,56
2020-04-03,2020-04-03T17:00:00Z,030110,Grorud,030110,Grorud,0301,Oslo,03,Oslo,27707,56
2020-04-03,2020-04-03T17:00:00Z,030111,Stovner,030111,Stovner,0301,Oslo,03,Oslo,33316,91
2020-04-03,2020-04-03T17:00:00Z,030112,Alna,030112,Alna,0301,Oslo,03,Oslo,49801,117
2020-04-03,2020-04-03T17:00:00Z,030113,Østensjø,030113,Østensjø,0301,Oslo,03,Oslo,50806,122
2020-04-03,2020-04-03T17:00:00Z,030114,Nordstrand,030114,Nordstrand,0301,Oslo,03,Oslo,52459,111
2020-04-03,2020-04-03T17:00:00Z,030115,Søndre Nordstrand,030115,Søndre Nordstrand,0301,Oslo,03,Oslo,39066,75
2020-04-03,2020-04-03T17:00:00Z,030116,Sentrum,030116,Sentrum,0301,Oslo,03,Oslo,1471,4
2020-04-03,2020-04-03T17:00:00Z,030117,Marka,030117,Marka,0301,Oslo,03,Oslo,1610,2
2020-04-03,2020-04-03T17:00:00Z,030199,Ukjent Bydel,030199,Ukjent,0301,Oslo,03,Oslo,2386,24
2020-04-03,2020-04-03T17:00:00Z,1101,Eigersund,NA,NA,1101,Eigersund,11,Rogaland,14811,14
2020-04-03,2020-04-03T17:00:00Z,1103,Stavanger,NA,NA,1103,Stavanger,11,Rogaland,143574,122
2020-04-03,2020-04-03T17:00:00Z,1106,Haugesund,NA,NA,1106,Haugesund,11,Rogaland,37357,49
2020-04-03,2020-04-03T17:00:00Z,1108,Sandnes,NA,NA,1108,Sandnes,11,Rogaland,79537,44
2020-04-03,2020-04-03T17:00:00Z,1111,Sokndal,NA,NA,1111,Sokndal,11,Rogaland,3280,3
2020-04-03,2020-04-03T17:00:00Z,1112,Lund,NA,NA,1112,Lund,11,Rogaland,3202,0
2020-04-03,2020-04-03T17:00:00Z,1114,Bjerkreim,NA,NA,1114,Bjerkreim,11,Rogaland,2787,0
2020-04-03,2020-04-03T17:00:00Z,1119,Hå,NA,NA,1119,Hå,11,Rogaland,18991,6
2020-04-03,2020-04-03T17:00:00Z,1120,Klepp,NA,NA,1120,Klepp,11,Rogaland,19588,6
2020-04-03,2020-04-03T17:00:00Z,1121,Time,NA,NA,1121,Time,11,Rogaland,18916,12
2020-04-03,2020-04-03T17:00:00Z,1122,Gjesdal,NA,NA,1122,Gjesdal,11,Rogaland,12002,10
2020-04-03,2020-04-03T17:00:00Z,1124,Sola,NA,NA,1124,Sola,11,Rogaland,27153,13
2020-04-03,2020-04-03T17:00:00Z,1127,Randaberg,NA,NA,1127,Randaberg,11,Rogaland,11221,9
2020-04-03,2020-04-03T17:00:00Z,1130,Strand,NA,NA,1130,Strand,11,Rogaland,12968,12
2020-04-03,2020-04-03T17:00:00Z,1133,Hjelmeland,NA,NA,1133,Hjelmeland,11,Rogaland,2574,0
2020-04-03,2020-04-03T17:00:00Z,1134,Suldal,NA,NA,1134,Suldal,11,Rogaland,3804,0
2020-04-03,2020-04-03T17:00:00Z,1135,Sauda,NA,NA,1135,Sauda,11,Rogaland,4595,3
2020-04-03,2020-04-03T17:00:00Z,1144,Kvitsøy,NA,NA,1144,Kvitsøy,11,Rogaland,517,0
2020-04-03,2020-04-03T17:00:00Z,1145,Bokn,NA,NA,1145,Bokn,11,Rogaland,852,1
2020-04-03,2020-04-03T17:00:00Z,1146,Tysvær,NA,NA,1146,Tysvær,11,Rogaland,11065,18
2020-04-03,2020-04-03T17:00:00Z,1149,Karmøy,NA,NA,1149,Karmøy,11,Rogaland,42186,34
2020-04-03,2020-04-03T17:00:00Z,1151,Utsira,NA,NA,1151,Utsira,11,Rogaland,198,0
2020-04-03,2020-04-03T17:00:00Z,1160,Vindafjord,NA,NA,1160,Vindafjord,11,Rogaland,8714,9
2020-04-03,2020-04-03T17:00:00Z,1505,Kristiansund,NA,NA,1505,Kristiansund,15,Møre og Romsdal,24179,16
2020-04-03,2020-04-03T17:00:00Z,1506,Molde,NA,NA,1506,Molde,15,Møre og Romsdal,31967,14
2020-04-03,2020-04-03T17:00:00Z,1507,Ålesund,NA,NA,1507,Ålesund,15,Møre og Romsdal,66258,25
2020-04-03,2020-04-03T17:00:00Z,1511,Vanylven,NA,NA,1511,Vanylven,15,Møre og Romsdal,3117,1
2020-04-03,2020-04-03T17:00:00Z,1514,Sande,NA,NA,1514,Sande,15,Møre og Romsdal,2461,4
2020-04-03,2020-04-03T17:00:00Z,1515,Herøy (Møre og Romsdal),NA,NA,1515,Herøy (Møre og Romsdal),15,Møre og Romsdal,8900,3
2020-04-03,2020-04-03T17:00:00Z,1516,Ulstein,NA,NA,1516,Ulstein,15,Møre og Romsdal,8571,6
2020-04-03,2020-04-03T17:00:00Z,1517,Hareid,NA,NA,1517,Hareid,15,Møre og Romsdal,5175,2
2020-04-03,2020-04-03T17:00:00Z,1520,Ørsta,NA,NA,1520,Ørsta,15,Møre og Romsdal,10825,6
2020-04-03,2020-04-03T17:00:00Z,1525,Stranda,NA,NA,1525,Stranda,15,Møre og Romsdal,4523,0
2020-04-03,2020-04-03T17:00:00Z,1528,Sykkylven,NA,NA,1528,Sykkylven,15,Møre og Romsdal,7625,0
2020-04-03,2020-04-03T17:00:00Z,1531,Sula,NA,NA,1531,Sula,15,Møre og Romsdal,9310,6
2020-04-03,2020-04-03T17:00:00Z,1532,Giske,NA,NA,1532,Giske,15,Møre og Romsdal,8462,5
2020-04-03,2020-04-03T17:00:00Z,1535,Vestnes,NA,NA,1535,Vestnes,15,Møre og Romsdal,6532,0
2020-04-03,2020-04-03T17:00:00Z,1539,Rauma,NA,NA,1539,Rauma,15,Møre og Romsdal,7468,10
2020-04-03,2020-04-03T17:00:00Z,1547,Aukra,NA,NA,1547,Aukra,15,Møre og Romsdal,3509,0
2020-04-03,2020-04-03T17:00:00Z,1554,Averøy,NA,NA,1554,Averøy,15,Møre og Romsdal,5788,0
2020-04-03,2020-04-03T17:00:00Z,1557,Gjemnes,NA,NA,1557,Gjemnes,15,Møre og Romsdal,2629,0
2020-04-03,2020-04-03T17:00:00Z,1560,Tingvoll,NA,NA,1560,Tingvoll,15,Møre og Romsdal,3025,1
2020-04-03,2020-04-03T17:00:00Z,1563,Sunndal,NA,NA,1563,Sunndal,15,Møre og Romsdal,7036,2
2020-04-03,2020-04-03T17:00:00Z,1566,Surnadal,NA,NA,1566,Surnadal,15,Møre og Romsdal,5920,1
2020-04-03,2020-04-03T17:00:00Z,1573,Smøla,NA,NA,1573,Smøla,15,Møre og Romsdal,2150,0
2020-04-03,2020-04-03T17:00:00Z,1576,Aure,NA,NA,1576,Aure,15,Møre og Romsdal,3507,3
2020-04-03,2020-04-03T17:00:00Z,1577,Volda,NA,NA,1577,Volda,15,Møre og Romsdal,10473,4
2020-04-03,2020-04-03T17:00:00Z,1578,Fjord,NA,NA,1578,Fjord,15,Møre og Romsdal,2549,1
2020-04-03,2020-04-03T17:00:00Z,1579,Hustadvika,NA,NA,1579,Hustadvika,15,Møre og Romsdal,13279,2
2020-04-03,2020-04-03T17:00:00Z,1804,Bodø,NA,NA,1804,Bodø,18,Nordland,52357,26
2020-04-03,2020-04-03T17:00:00Z,1806,Narvik,NA,NA,1806,Narvik,18,Nordland,21845,2
2020-04-03,2020-04-03T17:00:00Z,1811,Bindal,NA,NA,1811,Bindal,18,Nordland,1426,0
2020-04-03,2020-04-03T17:00:00Z,1812,Sømna,NA,NA,1812,Sømna,18,Nordland,1975,2
2020-04-03,2020-04-03T17:00:00Z,1813,Brønnøy,NA,NA,1813,Brønnøy,18,Nordland,7917,4
2020-04-03,2020-04-03T17:00:00Z,1815,Vega,NA,NA,1815,Vega,18,Nordland,1200,3
2020-04-03,2020-04-03T17:00:00Z,1816,Vevelstad,NA,NA,1816,Vevelstad,18,Nordland,462,0
2020-04-03,2020-04-03T17:00:00Z,1818,Herøy (Nordland),NA,NA,1818,Herøy (Nordland),18,Nordland,1777,0
2020-04-03,2020-04-03T17:00:00Z,1820,Alstahaug,NA,NA,1820,Alstahaug,18,Nordland,7447,2
2020-04-03,2020-04-03T17:00:00Z,1822,Leirfjord,NA,NA,1822,Leirfjord,18,Nordland,2294,2
2020-04-03,2020-04-03T17:00:00Z,1824,Vefsn,NA,NA,1824,Vefsn,18,Nordland,13278,1
2020-04-03,2020-04-03T17:00:00Z,1825,Grane,NA,NA,1825,Grane,18,Nordland,1482,1
2020-04-03,2020-04-03T17:00:00Z,1826,Hattfjelldal,NA,NA,1826,Hattfjelldal,18,Nordland,1297,0
2020-04-03,2020-04-03T17:00:00Z,1827,Dønna,NA,NA,1827,Dønna,18,Nordland,1371,5
2020-04-03,2020-04-03T17:00:00Z,1828,Nesna,NA,NA,1828,Nesna,18,Nordland,1761,0
2020-04-03,2020-04-03T17:00:00Z,1832,Hemnes,NA,NA,1832,Hemnes,18,Nordland,4454,0
2020-04-03,2020-04-03T17:00:00Z,1833,Rana,NA,NA,1833,Rana,18,Nordland,26184,4
2020-04-03,2020-04-03T17:00:00Z,1834,Lurøy,NA,NA,1834,Lurøy,18,Nordland,1890,0
2020-04-03,2020-04-03T17:00:00Z,1835,Træna,NA,NA,1835,Træna,18,Nordland,435,0
2020-04-03,2020-04-03T17:00:00Z,1836,Rødøy,NA,NA,1836,Rødøy,18,Nordland,1213,0
2020-04-03,2020-04-03T17:00:00Z,1837,Meløy,NA,NA,1837,Meløy,18,Nordland,6288,4
2020-04-03,2020-04-03T17:00:00Z,1838,Gildeskål,NA,NA,1838,Gildeskål,18,Nordland,1950,0
2020-04-03,2020-04-03T17:00:00Z,1839,Beiarn,NA,NA,1839,Beiarn,18,Nordland,1017,0
2020-04-03,2020-04-03T17:00:00Z,1840,Saltdal,NA,NA,1840,Saltdal,18,Nordland,4671,0
2020-04-03,2020-04-03T17:00:00Z,1841,Fauske,NA,NA,1841,Fauske,18,Nordland,9739,1
2020-04-03,2020-04-03T17:00:00Z,1845,Sørfold,NA,NA,1845,Sørfold,18,Nordland,1926,0
2020-04-03,2020-04-03T17:00:00Z,1848,Steigen,NA,NA,1848,Steigen,18,Nordland,2608,1
2020-04-03,2020-04-03T17:00:00Z,1851,Lødingen,NA,NA,1851,Lødingen,18,Nordland,2034,0
2020-04-03,2020-04-03T17:00:00Z,1853,Evenes,NA,NA,1853,Evenes,18,Nordland,1348,0
2020-04-03,2020-04-03T17:00:00Z,1856,Røst,NA,NA,1856,Røst,18,Nordland,498,0
2020-04-03,2020-04-03T17:00:00Z,1857,Værøy,NA,NA,1857,Værøy,18,Nordland,728,0
2020-04-03,2020-04-03T17:00:00Z,1859,Flakstad,NA,NA,1859,Flakstad,18,Nordland,1272,1
2020-04-03,2020-04-03T17:00:00Z,1860,Vestvågøy,NA,NA,1860,Vestvågøy,18,Nordland,11433,3
2020-04-03,2020-04-03T17:00:00Z,1865,Vågan,NA,NA,1865,Vågan,18,Nordland,9608,3
2020-04-03,2020-04-03T17:00:00Z,1866,Hadsel,NA,NA,1866,Hadsel,18,Nordland,8061,4
2020-04-03,2020-04-03T17:00:00Z,1867,Bø,NA,NA,1867,Bø,18,Nordland,2569,0
2020-04-03,2020-04-03T17:00:00Z,1868,Øksnes,NA,NA,1868,Øksnes,18,Nordland,4410,0
2020-04-03,2020-04-03T17:00:00Z,1870,Sortland,NA,NA,1870,Sortland,18,Nordland,10566,3
2020-04-03,2020-04-03T17:00:00Z,1871,Andøy,NA,NA,1871,Andøy,18,Nordland,4663,0
2020-04-03,2020-04-03T17:00:00Z,1874,Moskenes,NA,NA,1874,Moskenes,18,Nordland,1015,0
2020-04-03,2020-04-03T17:00:00Z,1875,Hamarøy,NA,NA,1875,Hamarøy,18,Nordland,2766,0
2020-04-03,2020-04-03T17:00:00Z,3001,Halden,NA,NA,3001,Halden,30,Viken,31373,20
2020-04-03,2020-04-03T17:00:00Z,3002,Moss,NA,NA,3002,Moss,30,Viken,49273,64
2020-04-03,2020-04-03T17:00:00Z,3003,Sarpsborg,NA,NA,3003,Sarpsborg,30,Viken,56732,37
2020-04-03,2020-04-03T17:00:00Z,3004,Fredrikstad,NA,NA,3004,Fredrikstad,30,Viken,82385,56
2020-04-03,2020-04-03T17:00:00Z,3005,Drammen,NA,NA,3005,Drammen,30,Viken,101386,113
2020-04-03,2020-04-03T17:00:00Z,3006,Kongsberg,NA,NA,3006,Kongsberg,30,Viken,27723,18
2020-04-03,2020-04-03T17:00:00Z,3007,Ringerike,NA,NA,3007,Ringerike,30,Viken,30641,4
2020-04-03,2020-04-03T17:00:00Z,3011,Hvaler,NA,NA,3011,Hvaler,30,Viken,4668,2
2020-04-03,2020-04-03T17:00:00Z,3012,Aremark,NA,NA,3012,Aremark,30,Viken,1325,1
2020-04-03,2020-04-03T17:00:00Z,3013,Marker,NA,NA,3013,Marker,30,Viken,3595,1
2020-04-03,2020-04-03T17:00:00Z,3014,Indre Østfold,NA,NA,3014,Indre Østfold,30,Viken,44792,42
2020-04-03,2020-04-03T17:00:00Z,3015,Skiptvet,NA,NA,3015,Skiptvet,30,Viken,3805,1
2020-04-03,2020-04-03T17:00:00Z,3016,Rakkestad,NA,NA,3016,Rakkestad,30,Viken,8255,1
2020-04-03,2020-04-03T17:00:00Z,3017,Råde,NA,NA,3017,Råde,30,Viken,7508,2
2020-04-03,2020-04-03T17:00:00Z,3018,Våler (Viken),NA,NA,3018,Våler (Viken),30,Viken,5736,5
2020-04-03,2020-04-03T17:00:00Z,3019,Vestby,NA,NA,3019,Vestby,30,Viken,18042,20
2020-04-03,2020-04-03T17:00:00Z,3020,Nordre Follo,NA,NA,3020,Nordre Follo,30,Viken,59288,86
2020-04-03,2020-04-03T17:00:00Z,3021,Ås,NA,NA,3021,Ås,30,Viken,20439,16
2020-04-03,2020-04-03T17:00:00Z,3022,Frogn,NA,NA,3022,Frogn,30,Viken,15877,16
2020-04-03,2020-04-03T17:00:00Z,3023,Nesodden,NA,NA,3023,Nesodden,30,Viken,19616,41
2020-04-03,2020-04-03T17:00:00Z,3024,Bærum,NA,NA,3024,Bærum,30,Viken,127731,300
2020-04-03,2020-04-03T17:00:00Z,3025,Asker,NA,NA,3025,Asker,30,Viken,94441,127
2020-04-03,2020-04-03T17:00:00Z,3026,Aurskog-Høland,NA,NA,3026,Aurskog-Høland,30,Viken,17390,4
2020-04-03,2020-04-03T17:00:00Z,3027,Rælingen,NA,NA,3027,Rælingen,30,Viken,18530,16
2020-04-03,2020-04-03T17:00:00Z,3028,Enebakk,NA,NA,3028,Enebakk,30,Viken,11110,21
2020-04-03,2020-04-03T17:00:00Z,3029,Lørenskog,NA,NA,3029,Lørenskog,30,Viken,41460,64
2020-04-03,2020-04-03T17:00:00Z,3030,Lillestrøm,NA,NA,3030,Lillestrøm,30,Viken,85983,115
2020-04-03,2020-04-03T17:00:00Z,3031,Nittedal,NA,NA,3031,Nittedal,30,Viken,24249,43
2020-04-03,2020-04-03T17:00:00Z,3032,Gjerdrum,NA,NA,3032,Gjerdrum,30,Viken,6890,6
2020-04-03,2020-04-03T17:00:00Z,3033,Ullensaker,NA,NA,3033,Ullensaker,30,Viken,39625,46
2020-04-03,2020-04-03T17:00:00Z,3034,Nes,NA,NA,3034,Nes,30,Viken,23092,10
2020-04-03,2020-04-03T17:00:00Z,3035,Eidsvoll,NA,NA,3035,Eidsvoll,30,Viken,25436,27
2020-04-03,2020-04-03T17:00:00Z,3036,Nannestad,NA,NA,3036,Nannestad,30,Viken,14139,14
2020-04-03,2020-04-03T17:00:00Z,3037,Hurdal,NA,NA,3037,Hurdal,30,Viken,2854,2
2020-04-03,2020-04-03T17:00:00Z,3038,Hole,NA,NA,3038,Hole,30,Viken,6799,10
2020-04-03,2020-04-03T17:00:00Z,3039,Flå,NA,NA,3039,Flå,30,Viken,1050,1
2020-04-03,2020-04-03T17:00:00Z,3040,Nesbyen,NA,NA,3040,Nesbyen,30,Viken,3273,5
2020-04-03,2020-04-03T17:00:00Z,3041,Gol,NA,NA,3041,Gol,30,Viken,4608,9
2020-04-03,2020-04-03T17:00:00Z,3042,Hemsedal,NA,NA,3042,Hemsedal,30,Viken,2486,8
2020-04-03,2020-04-03T17:00:00Z,3043,Ål,NA,NA,3043,Ål,30,Viken,4674,11
2020-04-03,2020-04-03T17:00:00Z,3044,Hol,NA,NA,3044,Hol,30,Viken,4441,43
2020-04-03,2020-04-03T17:00:00Z,3045,Sigdal,NA,NA,3045,Sigdal,30,Viken,3467,0
2020-04-03,2020-04-03T17:00:00Z,3046,Krødsherad,NA,NA,3046,Krødsherad,30,Viken,2212,0
2020-04-03,2020-04-03T17:00:00Z,3047,Modum,NA,NA,3047,Modum,30,Viken,14115,9
2020-04-03,2020-04-03T17:00:00Z,3048,Øvre Eiker,NA,NA,3048,Øvre Eiker,30,Viken,19423,4
2020-04-03,2020-04-03T17:00:00Z,3049,Lier,NA,NA,3049,Lier,30,Viken,26811,22
2020-04-03,2020-04-03T17:00:00Z,3050,Flesberg,NA,NA,3050,Flesberg,30,Viken,2688,1
2020-04-03,2020-04-03T17:00:00Z,3051,Rollag,NA,NA,3051,Rollag,30,Viken,1390,0
2020-04-03,2020-04-03T17:00:00Z,3052,Nore og Uvdal,NA,NA,3052,Nore og Uvdal,30,Viken,2439,1
2020-04-03,2020-04-03T17:00:00Z,3053,Jevnaker,NA,NA,3053,Jevnaker,30,Viken,6852,5
2020-04-03,2020-04-03T17:00:00Z,3054,Lunner,NA,NA,3054,Lunner,30,Viken,9048,9
2020-04-03,2020-04-03T17:00:00Z,3401,Kongsvinger,NA,NA,3401,Kongsvinger,34,Innlandet,17829,1
2020-04-03,2020-04-03T17:00:00Z,3403,Hamar,NA,NA,3403,Hamar,34,Innlandet,31369,67
2020-04-03,2020-04-03T17:00:00Z,3405,Lillehammer,NA,NA,3405,Lillehammer,34,Innlandet,28345,29
2020-04-03,2020-04-03T17:00:00Z,3407,Gjøvik,NA,NA,3407,Gjøvik,34,Innlandet,30560,14
2020-04-03,2020-04-03T17:00:00Z,3411,Ringsaker,NA,NA,3411,Ringsaker,34,Innlandet,34768,56
2020-04-03,2020-04-03T17:00:00Z,3412,Løten,NA,NA,3412,Løten,34,Innlandet,7674,11
2020-04-03,2020-04-03T17:00:00Z,3413,Stange,NA,NA,3413,Stange,34,Innlandet,21064,31
2020-04-03,2020-04-03T17:00:00Z,3414,Nord-Odal,NA,NA,3414,Nord-Odal,34,Innlandet,5016,0
2020-04-03,2020-04-03T17:00:00Z,3415,Sør-Odal,NA,NA,3415,Sør-Odal,34,Innlandet,7905,10
2020-04-03,2020-04-03T17:00:00Z,3416,Eidskog,NA,NA,3416,Eidskog,34,Innlandet,6106,3
2020-04-03,2020-04-03T17:00:00Z,3417,Grue,NA,NA,3417,Grue,34,Innlandet,4612,5
2020-04-03,2020-04-03T17:00:00Z,3418,Åsnes,NA,NA,3418,Åsnes,34,Innlandet,7203,3
2020-04-03,2020-04-03T17:00:00Z,3419,Våler (Innlandet),NA,NA,3419,Våler (Innlandet),34,Innlandet,3662,1
2020-04-03,2020-04-03T17:00:00Z,3420,Elverum,NA,NA,3420,Elverum,34,Innlandet,21254,11
2020-04-03,2020-04-03T17:00:00Z,3421,Trysil,NA,NA,3421,Trysil,34,Innlandet,6627,2
2020-04-03,2020-04-03T17:00:00Z,3422,Åmot,NA,NA,3422,Åmot,34,Innlandet,4356,2
2020-04-03,2020-04-03T17:00:00Z,3423,Stor-Elvdal,NA,NA,3423,Stor-Elvdal,34,Innlandet,2419,0
2020-04-03,2020-04-03T17:00:00Z,3424,Rendalen,NA,NA,3424,Rendalen,34,Innlandet,1780,0
2020-04-03,2020-04-03T17:00:00Z,3425,Engerdal,NA,NA,3425,Engerdal,34,Innlandet,1268,2
2020-04-03,2020-04-03T17:00:00Z,3426,Tolga,NA,NA,3426,Tolga,34,Innlandet,1562,0
2020-04-03,2020-04-03T17:00:00Z,3427,Tynset,NA,NA,3427,Tynset,34,Innlandet,5578,0
2020-04-03,2020-04-03T17:00:00Z,3428,Alvdal,NA,NA,3428,Alvdal,34,Innlandet,2432,1
2020-04-03,2020-04-03T17:00:00Z,3429,Folldal,NA,NA,3429,Folldal,34,Innlandet,1545,0
2020-04-03,2020-04-03T17:00:00Z,3430,Os,NA,NA,3430,Os,34,Innlandet,1891,0
2020-04-03,2020-04-03T17:00:00Z,3431,Dovre,NA,NA,3431,Dovre,34,Innlandet,2553,5
2020-04-03,2020-04-03T17:00:00Z,3432,Lesja,NA,NA,3432,Lesja,34,Innlandet,1975,2
2020-04-03,2020-04-03T17:00:00Z,3433,Skjåk,NA,NA,3433,Skjåk,34,Innlandet,2197,1
2020-04-03,2020-04-03T17:00:00Z,3434,Lom,NA,NA,3434,Lom,34,Innlandet,2228,3
2020-04-03,2020-04-03T17:00:00Z,3435,Vågå,NA,NA,3435,Vågå,34,Innlandet,3570,1
2020-04-03,2020-04-03T17:00:00Z,3436,Nord-Fron,NA,NA,3436,Nord-Fron,34,Innlandet,5723,13
2020-04-03,2020-04-03T17:00:00Z,3437,Sel,NA,NA,3437,Sel,34,Innlandet,5739,36
2020-04-03,2020-04-03T17:00:00Z,3438,Sør-Fron,NA,NA,3438,Sør-Fron,34,Innlandet,3119,1
2020-04-03,2020-04-03T17:00:00Z,3439,Ringebu,NA,NA,3439,Ringebu,34,Innlandet,4392,8
2020-04-03,2020-04-03T17:00:00Z,3440,Øyer,NA,NA,3440,Øyer,34,Innlandet,5100,1
2020-04-03,2020-04-03T17:00:00Z,3441,Gausdal,NA,NA,3441,Gausdal,34,Innlandet,6106,5
2020-04-03,2020-04-03T17:00:00Z,3442,Østre Toten,NA,NA,3442,Østre Toten,34,Innlandet,14973,4
2020-04-03,2020-04-03T17:00:00Z,3443,Vestre Toten,NA,NA,3443,Vestre Toten,34,Innlandet,13427,10
2020-04-03,2020-04-03T17:00:00Z,3446,Gran,NA,NA,3446,Gran,34,Innlandet,13630,9
2020-04-03,2020-04-03T17:00:00Z,3447,Søndre Land,NA,NA,3447,Søndre Land,34,Innlandet,5617,0
2020-04-03,2020-04-03T17:00:00Z,3448,Nordre Land,NA,NA,3448,Nordre Land,34,Innlandet,6633,1
2020-04-03,2020-04-03T17:00:00Z,3449,Sør-Aurdal,NA,NA,3449,Sør-Aurdal,34,Innlandet,2954,0
2020-04-03,2020-04-03T17:00:00Z,3450,Etnedal,NA,NA,3450,Etnedal,34,Innlandet,1279,0
2020-04-03,2020-04-03T17:00:00Z,3451,Nord-Aurdal,NA,NA,3451,Nord-Aurdal,34,Innlandet,6413,8
2020-04-03,2020-04-03T17:00:00Z,3452,Vestre Slidre,NA,NA,3452,Vestre Slidre,34,Innlandet,2125,0
2020-04-03,2020-04-03T17:00:00Z,3453,Øystre Slidre,NA,NA,3453,Øystre Slidre,34,Innlandet,3229,0
2020-04-03,2020-04-03T17:00:00Z,3454,Vang,NA,NA,3454,Vang,34,Innlandet,1578,0
2020-04-03,2020-04-03T17:00:00Z,3801,Horten,NA,NA,3801,Horten,38,Vestfold og Telemark,27351,19
2020-04-03,2020-04-03T17:00:00Z,3802,Holmestrand,NA,NA,3802,Holmestrand,38,Vestfold og Telemark,24699,17
2020-04-03,2020-04-03T17:00:00Z,3803,Tønsberg,NA,NA,3803,Tønsberg,38,Vestfold og Telemark,56293,43
2020-04-03,2020-04-03T17:00:00Z,3804,Sandefjord,NA,NA,3804,Sandefjord,38,Vestfold og Telemark,63764,31
2020-04-03,2020-04-03T17:00:00Z,3805,Larvik,NA,NA,3805,Larvik,38,Vestfold og Telemark,47204,14
2020-04-03,2020-04-03T17:00:00Z,3806,Porsgrunn,NA,NA,3806,Porsgrunn,38,Vestfold og Telemark,36397,7
2020-04-03,2020-04-03T17:00:00Z,3807,Skien,NA,NA,3807,Skien,38,Vestfold og Telemark,54942,37
2020-04-03,2020-04-03T17:00:00Z,3808,Notodden,NA,NA,3808,Notodden,38,Vestfold og Telemark,13049,4
2020-04-03,2020-04-03T17:00:00Z,3811,Færder,NA,NA,3811,Færder,38,Vestfold og Telemark,26730,20
2020-04-03,2020-04-03T17:00:00Z,3812,Siljan,NA,NA,3812,Siljan,38,Vestfold og Telemark,2340,2
2020-04-03,2020-04-03T17:00:00Z,3813,Bamble,NA,NA,3813,Bamble,38,Vestfold og Telemark,14061,5
2020-04-03,2020-04-03T17:00:00Z,3814,Kragerø,NA,NA,3814,Kragerø,38,Vestfold og Telemark,10380,1
2020-04-03,2020-04-03T17:00:00Z,3815,Drangedal,NA,NA,3815,Drangedal,38,Vestfold og Telemark,4060,1
2020-04-03,2020-04-03T17:00:00Z,3816,Nome,NA,NA,3816,Nome,38,Vestfold og Telemark,6515,1
2020-04-03,2020-04-03T17:00:00Z,3817,Midt-Telemark,NA,NA,3817,Midt-Telemark,38,Vestfold og Telemark,10444,0
2020-04-03,2020-04-03T17:00:00Z,3818,Tinn,NA,NA,3818,Tinn,38,Vestfold og Telemark,5691,1
2020-04-03,2020-04-03T17:00:00Z,3819,Hjartdal,NA,NA,3819,Hjartdal,38,Vestfold og Telemark,1573,0
2020-04-03,2020-04-03T17:00:00Z,3820,Seljord,NA,NA,3820,Seljord,38,Vestfold og Telemark,2888,0
2020-04-03,2020-04-03T17:00:00Z,3821,Kviteseid,NA,NA,3821,Kviteseid,38,Vestfold og Telemark,2403,0
2020-04-03,2020-04-03T17:00:00Z,3822,Nissedal,NA,NA,3822,Nissedal,38,Vestfold og Telemark,1448,0
2020-04-03,2020-04-03T17:00:00Z,3823,Fyresdal,NA,NA,3823,Fyresdal,38,Vestfold og Telemark,1287,0
2020-04-03,2020-04-03T17:00:00Z,3824,Tokke,NA,NA,3824,Tokke,38,Vestfold og Telemark,2201,0
2020-04-03,2020-04-03T17:00:00Z,3825,Vinje,NA,NA,3825,Vinje,38,Vestfold og Telemark,3676,2
2020-04-03,2020-04-03T17:00:00Z,4201,Risør,NA,NA,4201,Risør,42,Agder,6809,0
2020-04-03,2020-04-03T17:00:00Z,4202,Grimstad,NA,NA,4202,Grimstad,42,Agder,23544,1
2020-04-03,2020-04-03T17:00:00Z,4203,Arendal,NA,NA,4203,Arendal,42,Agder,44999,22
2020-04-03,2020-04-03T17:00:00Z,4204,Kristiansand,NA,NA,4204,Kristiansand,42,Agder,111633,145
2020-04-03,2020-04-03T17:00:00Z,4205,Lindesnes,NA,NA,4205,Lindesnes,42,Agder,23046,9
2020-04-03,2020-04-03T17:00:00Z,4206,Farsund,NA,NA,4206,Farsund,42,Agder,9691,11
2020-04-03,2020-04-03T17:00:00Z,4207,Flekkefjord,NA,NA,4207,Flekkefjord,42,Agder,9028,0
2020-04-03,2020-04-03T17:00:00Z,4211,Gjerstad,NA,NA,4211,Gjerstad,42,Agder,2428,2
2020-04-03,2020-04-03T17:00:00Z,4212,Vegårshei,NA,NA,4212,Vegårshei,42,Agder,2097,0
2020-04-03,2020-04-03T17:00:00Z,4213,Tvedestrand,NA,NA,4213,Tvedestrand,42,Agder,6053,0
2020-04-03,2020-04-03T17:00:00Z,4214,Froland,NA,NA,4214,Froland,42,Agder,5951,2
2020-04-03,2020-04-03T17:00:00Z,4215,Lillesand,NA,NA,4215,Lillesand,42,Agder,11074,7
2020-04-03,2020-04-03T17:00:00Z,4216,Birkenes,NA,NA,4216,Birkenes,42,Agder,5226,3
2020-04-03,2020-04-03T17:00:00Z,4217,Åmli,NA,NA,4217,Åmli,42,Agder,1836,1
2020-04-03,2020-04-03T17:00:00Z,4218,Iveland,NA,NA,4218,Iveland,42,Agder,1331,1
2020-04-03,2020-04-03T17:00:00Z,4219,Evje og Hornnes,NA,NA,4219,Evje og Hornnes,42,Agder,3634,2
2020-04-03,2020-04-03T17:00:00Z,4220,Bygland,NA,NA,4220,Bygland,42,Agder,1162,2
2020-04-03,2020-04-03T17:00:00Z,4221,Valle,NA,NA,4221,Valle,42,Agder,1164,0
2020-04-03,2020-04-03T17:00:00Z,4222,Bykle,NA,NA,4222,Bykle,42,Agder,965,3
2020-04-03,2020-04-03T17:00:00Z,4223,Vennesla,NA,NA,4223,Vennesla,42,Agder,14774,5
2020-04-03,2020-04-03T17:00:00Z,4224,Åseral,NA,NA,4224,Åseral,42,Agder,932,0
2020-04-03,2020-04-03T17:00:00Z,4225,Lyngdal,NA,NA,4225,Lyngdal,42,Agder,10365,4
2020-04-03,2020-04-03T17:00:00Z,4226,Hægebostad,NA,NA,4226,Hægebostad,42,Agder,1680,1
2020-04-03,2020-04-03T17:00:00Z,4227,Kvinesdal,NA,NA,4227,Kvinesdal,42,Agder,5987,1
2020-04-03,2020-04-03T17:00:00Z,4228,Sirdal,NA,NA,4228,Sirdal,42,Agder,1822,1
2020-04-03,2020-04-03T17:00:00Z,460101,Arna,460101,Arna,4601,Bergen,46,Vestland,13820,8
2020-04-03,2020-04-03T17:00:00Z,460102,Bergenhus,460102,Bergenhus,4601,Bergen,46,Vestland,42790,52
2020-04-03,2020-04-03T17:00:00Z,460103,Fana,460103,Fana,4601,Bergen,46,Vestland,43139,43
2020-04-03,2020-04-03T17:00:00Z,460104,Fyllingsdalen,460104,Fyllingsdalen,4601,Bergen,46,Vestland,30071,35
2020-04-03,2020-04-03T17:00:00Z,460105,Laksevåg,460105,Laksevåg,4601,Bergen,46,Vestland,40409,38
2020-04-03,2020-04-03T17:00:00Z,460106,Ytrebygda,460106,Ytrebygda,4601,Bergen,46,Vestland,29279,25
2020-04-03,2020-04-03T17:00:00Z,460107,Årstad,460107,Årstad,4601,Bergen,46,Vestland,42223,50
2020-04-03,2020-04-03T17:00:00Z,460108,Åsane,460108,Åsane,4601,Bergen,46,Vestland,41629,31
2020-04-03,2020-04-03T17:00:00Z,460199,Ukjent Bydel,460199,Ukjent,4601,Bergen,46,Vestland,569,35
2020-04-03,2020-04-03T17:00:00Z,4602,Kinn,NA,NA,4602,Kinn,46,Vestland,17207,7
2020-04-03,2020-04-03T17:00:00Z,4611,Etne,NA,NA,4611,Etne,46,Vestland,4062,4
2020-04-03,2020-04-03T17:00:00Z,4612,Sveio,NA,NA,4612,Sveio,46,Vestland,5766,3
2020-04-03,2020-04-03T17:00:00Z,4613,Bømlo,NA,NA,4613,Bømlo,46,Vestland,11957,4
2020-04-03,2020-04-03T17:00:00Z,4614,Stord,NA,NA,4614,Stord,46,Vestland,18759,6
2020-04-03,2020-04-03T17:00:00Z,4615,Fitjar,NA,NA,4615,Fitjar,46,Vestland,3189,6
2020-04-03,2020-04-03T17:00:00Z,4616,Tysnes,NA,NA,4616,Tysnes,46,Vestland,2869,0
2020-04-03,2020-04-03T17:00:00Z,4617,Kvinnherad,NA,NA,4617,Kvinnherad,46,Vestland,13071,4
2020-04-03,2020-04-03T17:00:00Z,4618,Ullensvang,NA,NA,4618,Ullensvang,46,Vestland,11048,0
2020-04-03,2020-04-03T17:00:00Z,4619,Eidfjord,NA,NA,4619,Eidfjord,46,Vestland,906,0
2020-04-03,2020-04-03T17:00:00Z,4620,Ulvik,NA,NA,4620,Ulvik,46,Vestland,1080,2
2020-04-03,2020-04-03T17:00:00Z,4621,Voss,NA,NA,4621,Voss,46,Vestland,15740,24
2020-04-03,2020-04-03T17:00:00Z,4622,Kvam,NA,NA,4622,Kvam,46,Vestland,8457,9
2020-04-03,2020-04-03T17:00:00Z,4623,Samnanger,NA,NA,4623,Samnanger,46,Vestland,2485,0
2020-04-03,2020-04-03T17:00:00Z,4624,Bjørnafjorden,NA,NA,4624,Bjørnafjorden,46,Vestland,24908,13
2020-04-03,2020-04-03T17:00:00Z,4625,Austevoll,NA,NA,4625,Austevoll,46,Vestland,5236,4
2020-04-03,2020-04-03T17:00:00Z,4626,Øygarden,NA,NA,4626,Øygarden,46,Vestland,38316,36
2020-04-03,2020-04-03T17:00:00Z,4627,Askøy,NA,NA,4627,Askøy,46,Vestland,29553,27
2020-04-03,2020-04-03T17:00:00Z,4628,Vaksdal,NA,NA,4628,Vaksdal,46,Vestland,3977,1
2020-04-03,2020-04-03T17:00:00Z,4629,Modalen,NA,NA,4629,Modalen,46,Vestland,388,0
2020-04-03,2020-04-03T17:00:00Z,4630,Osterøy,NA,NA,4630,Osterøy,46,Vestland,8098,0
2020-04-03,2020-04-03T17:00:00Z,4631,Alver,NA,NA,4631,Alver,46,Vestland,29224,16
2020-04-03,2020-04-03T17:00:00Z,4632,Austrheim,NA,NA,4632,Austrheim,46,Vestland,2870,0
2020-04-03,2020-04-03T17:00:00Z,4633,Fedje,NA,NA,4633,Fedje,46,Vestland,548,0
2020-04-03,2020-04-03T17:00:00Z,4634,Masfjorden,NA,NA,4634,Masfjorden,46,Vestland,1691,0
2020-04-03,2020-04-03T17:00:00Z,4635,Gulen,NA,NA,4635,Gulen,46,Vestland,2297,0
2020-04-03,2020-04-03T17:00:00Z,4636,Solund,NA,NA,4636,Solund,46,Vestland,802,3
2020-04-03,2020-04-03T17:00:00Z,4637,Hyllestad,NA,NA,4637,Hyllestad,46,Vestland,1328,0
2020-04-03,2020-04-03T17:00:00Z,4638,Høyanger,NA,NA,4638,Høyanger,46,Vestland,4101,2
2020-04-03,2020-04-03T17:00:00Z,4639,Vik,NA,NA,4639,Vik,46,Vestland,2635,0
2020-04-03,2020-04-03T17:00:00Z,4640,Sogndal,NA,NA,4640,Sogndal,46,Vestland,11847,7
2020-04-03,2020-04-03T17:00:00Z,4641,Aurland,NA,NA,4641,Aurland,46,Vestland,1781,0
2020-04-03,2020-04-03T17:00:00Z,4642,Lærdal,NA,NA,4642,Lærdal,46,Vestland,2126,0
2020-04-03,2020-04-03T17:00:00Z,4643,Årdal,NA,NA,4643,Årdal,46,Vestland,5193,0
2020-04-03,2020-04-03T17:00:00Z,4644,Luster,NA,NA,4644,Luster,46,Vestland,5174,4
2020-04-03,2020-04-03T17:00:00Z,4645,Askvoll,NA,NA,4645,Askvoll,46,Vestland,3011,0
2020-04-03,2020-04-03T17:00:00Z,4646,Fjaler,NA,NA,4646,Fjaler,46,Vestland,2802,0
2020-04-03,2020-04-03T17:00:00Z,4647,Sunnfjord,NA,NA,4647,Sunnfjord,46,Vestland,22030,17
2020-04-03,2020-04-03T17:00:00Z,4648,Bremanger,NA,NA,4648,Bremanger,46,Vestland,3629,0
2020-04-03,2020-04-03T17:00:00Z,4649,Stad,NA,NA,4649,Stad,46,Vestland,9457,0
2020-04-03,2020-04-03T17:00:00Z,4650,Gloppen,NA,NA,4650,Gloppen,46,Vestland,5854,3
2020-04-03,2020-04-03T17:00:00Z,4651,Stryn,NA,NA,4651,Stryn,46,Vestland,7130,11
2020-04-03,2020-04-03T17:00:00Z,5001,Trondheim,NA,NA,5001,Trondheim,50,Trøndelag,205163,193
2020-04-03,2020-04-03T17:00:00Z,5006,Steinkjer,NA,NA,5006,Steinkjer,50,Trøndelag,24357,12
2020-04-03,2020-04-03T17:00:00Z,5007,Namsos,NA,NA,5007,Namsos,50,Trøndelag,15230,5
2020-04-03,2020-04-03T17:00:00Z,5014,Frøya,NA,NA,5014,Frøya,50,Trøndelag,5151,0
2020-04-03,2020-04-03T17:00:00Z,5020,Osen,NA,NA,5020,Osen,50,Trøndelag,948,0
2020-04-03,2020-04-03T17:00:00Z,5021,Oppdal,NA,NA,5021,Oppdal,50,Trøndelag,7001,8
2020-04-03,2020-04-03T17:00:00Z,5022,Rennebu,NA,NA,5022,Rennebu,50,Trøndelag,2486,5
2020-04-03,2020-04-03T17:00:00Z,5025,Røros,NA,NA,5025,Røros,50,Trøndelag,5581,0
2020-04-03,2020-04-03T17:00:00Z,5026,Holtålen,NA,NA,5026,Holtålen,50,Trøndelag,1981,1
2020-04-03,2020-04-03T17:00:00Z,5027,Midtre Gauldal,NA,NA,5027,Midtre Gauldal,50,Trøndelag,6238,7
2020-04-03,2020-04-03T17:00:00Z,5028,Melhus,NA,NA,5028,Melhus,50,Trøndelag,16733,3
2020-04-03,2020-04-03T17:00:00Z,5029,Skaun,NA,NA,5029,Skaun,50,Trøndelag,8325,5
2020-04-03,2020-04-03T17:00:00Z,5031,Malvik,NA,NA,5031,Malvik,50,Trøndelag,14148,8
2020-04-03,2020-04-03T17:00:00Z,5032,Selbu,NA,NA,5032,Selbu,50,Trøndelag,4062,6
2020-04-03,2020-04-03T17:00:00Z,5033,Tydal,NA,NA,5033,Tydal,50,Trøndelag,769,0
2020-04-03,2020-04-03T17:00:00Z,5034,Meråker,NA,NA,5034,Meråker,50,Trøndelag,2422,1
2020-04-03,2020-04-03T17:00:00Z,5035,Stjørdal,NA,NA,5035,Stjørdal,50,Trøndelag,24145,7
2020-04-03,2020-04-03T17:00:00Z,5036,Frosta,NA,NA,5036,Frosta,50,Trøndelag,2627,28
2020-04-03,2020-04-03T17:00:00Z,5037,Levanger,NA,NA,5037,Levanger,50,Trøndelag,20164,17
2020-04-03,2020-04-03T17:00:00Z,5038,Verdal,NA,NA,5038,Verdal,50,Trøndelag,14948,13
2020-04-03,2020-04-03T17:00:00Z,5041,Snåsa,NA,NA,5041,Snåsa,50,Trøndelag,2063,0
2020-04-03,2020-04-03T17:00:00Z,5042,Lierne,NA,NA,5042,Lierne,50,Trøndelag,1355,0
2020-04-03,2020-04-03T17:00:00Z,5043,Røyrvik,NA,NA,5043,Røyrvik,50,Trøndelag,461,0
2020-04-03,2020-04-03T17:00:00Z,5044,Namsskogan,NA,NA,5044,Namsskogan,50,Trøndelag,843,0
2020-04-03,2020-04-03T17:00:00Z,5045,Grong,NA,NA,5045,Grong,50,Trøndelag,2359,3
2020-04-03,2020-04-03T17:00:00Z,5046,Høylandet,NA,NA,5046,Høylandet,50,Trøndelag,1231,1
2020-04-03,2020-04-03T17:00:00Z,5047,Overhalla,NA,NA,5047,Overhalla,50,Trøndelag,3884,4
2020-04-03,2020-04-03T17:00:00Z,5049,Flatanger,NA,NA,5049,Flatanger,50,Trøndelag,1103,0
2020-04-03,2020-04-03T17:00:00Z,5052,Leka,NA,NA,5052,Leka,50,Trøndelag,557,0
2020-04-03,2020-04-03T17:00:00Z,5053,Inderøy,NA,NA,5053,Inderøy,50,Trøndelag,6816,7
2020-04-03,2020-04-03T17:00:00Z,5054,Indre Fosen,NA,NA,5054,Indre Fosen,50,Trøndelag,10084,2
2020-04-03,2020-04-03T17:00:00Z,5055,Heim,NA,NA,5055,Heim,50,Trøndelag,5963,1
2020-04-03,2020-04-03T17:00:00Z,5056,Hitra,NA,NA,5056,Hitra,50,Trøndelag,5050,1
2020-04-03,2020-04-03T17:00:00Z,5057,Ørland,NA,NA,5057,Ørland,50,Trøndelag,10323,10
2020-04-03,2020-04-03T17:00:00Z,5058,Åfjord,NA,NA,5058,Åfjord,50,Trøndelag,4288,1
2020-04-03,2020-04-03T17:00:00Z,5059,Orkland,NA,NA,5059,Orkland,50,Trøndelag,18217,11
2020-04-03,2020-04-03T17:00:00Z,5060,Nærøysund,NA,NA,5060,Nærøysund,50,Trøndelag,9623,0
2020-04-03,2020-04-03T17:00:00Z,5061,Rindal,NA,NA,5061,Rindal,50,Trøndelag,2003,0
2020-04-03,2020-04-03T17:00:00Z,5401,Tromsø,NA,NA,5401,Tromsø,54,Troms og Finnmark,76974,106
2020-04-03,2020-04-03T17:00:00Z,5402,Harstad,NA,NA,5402,Harstad,54,Troms og Finnmark,24703,4
2020-04-03,2020-04-03T17:00:00Z,5403,Alta,NA,NA,5403,Alta,54,Troms og Finnmark,20789,4
2020-04-03,2020-04-03T17:00:00Z,5404,Vardø,NA,NA,5404,Vardø,54,Troms og Finnmark,2029,1
2020-04-03,2020-04-03T17:00:00Z,5405,Vadsø,NA,NA,5405,Vadsø,54,Troms og Finnmark,5788,3
2020-04-03,2020-04-03T17:00:00Z,5406,Hammerfest,NA,NA,5406,Hammerfest,54,Troms og Finnmark,11448,14
2020-04-03,2020-04-03T17:00:00Z,5411,Kvæfjord,NA,NA,5411,Kvæfjord,54,Troms og Finnmark,2839,0
2020-04-03,2020-04-03T17:00:00Z,5412,Tjeldsund,NA,NA,5412,Tjeldsund,54,Troms og Finnmark,4216,1
2020-04-03,2020-04-03T17:00:00Z,5413,Ibestad,NA,NA,5413,Ibestad,54,Troms og Finnmark,1361,0
2020-04-03,2020-04-03T17:00:00Z,5414,Gratangen,NA,NA,5414,Gratangen,54,Troms og Finnmark,1091,0
2020-04-03,2020-04-03T17:00:00Z,5415,Lavangen,NA,NA,5415,Lavangen,54,Troms og Finnmark,1034,3
2020-04-03,2020-04-03T17:00:00Z,5416,Bardu,NA,NA,5416,Bardu,54,Troms og Finnmark,4005,1
2020-04-03,2020-04-03T17:00:00Z,5417,Salangen,NA,NA,5417,Salangen,54,Troms og Finnmark,2146,2
2020-04-03,2020-04-03T17:00:00Z,5418,Målselv,NA,NA,5418,Målselv,54,Troms og Finnmark,6640,0
2020-04-03,2020-04-03T17:00:00Z,5419,Sørreisa,NA,NA,5419,Sørreisa,54,Troms og Finnmark,3464,0
2020-04-03,2020-04-03T17:00:00Z,5420,Dyrøy,NA,NA,5420,Dyrøy,54,Troms og Finnmark,1083,0
2020-04-03,2020-04-03T17:00:00Z,5421,Senja,NA,NA,5421,Senja,54,Troms og Finnmark,14851,15
2020-04-03,2020-04-03T17:00:00Z,5422,Balsfjord,NA,NA,5422,Balsfjord,54,Troms og Finnmark,5559,0
2020-04-03,2020-04-03T17:00:00Z,5423,Karlsøy,NA,NA,5423,Karlsøy,54,Troms og Finnmark,2200,1
2020-04-03,2020-04-03T17:00:00Z,5424,Lyngen,NA,NA,5424,Lyngen,54,Troms og Finnmark,2794,2
2020-04-03,2020-04-03T17:00:00Z,5425,Storfjord,NA,NA,5425,Storfjord,54,Troms og Finnmark,1829,0
2020-04-03,2020-04-03T17:00:00Z,5426,Kåfjord,NA,NA,5426,Kåfjord,54,Troms og Finnmark,2071,0
2020-04-03,2020-04-03T17:00:00Z,5427,Skjervøy,NA,NA,5427,Skjervøy,54,Troms og Finnmark,2927,1
2020-04-03,2020-04-03T17:00:00Z,5428,Nordreisa,NA,NA,5428,Nordreisa,54,Troms og Finnmark,4861,2
2020-04-03,2020-04-03T17:00:00Z,5429,Kvænangen,NA,NA,5429,Kvænangen,54,Troms og Finnmark,1191,0
2020-04-03,2020-04-03T17:00:00Z,5430,Kautokeino,NA,NA,5430,Kautokeino,54,Troms og Finnmark,2910,1
2020-04-03,2020-04-03T17:00:00Z,5432,Loppa,NA,NA,5432,Loppa,54,Troms og Finnmark,888,0
2020-04-03,2020-04-03T17:00:00Z,5433,Hasvik,NA,NA,5433,Hasvik,54,Troms og Finnmark,1005,0
2020-04-03,2020-04-03T17:00:00Z,5434,Måsøy,NA,NA,5434,Måsøy,54,Troms og Finnmark,1225,2
2020-04-03,2020-04-03T17:00:00Z,5435,Nordkapp,NA,NA,5435,Nordkapp,54,Troms og Finnmark,3162,2
2020-04-03,2020-04-03T17:00:00Z,5436,Porsanger,NA,NA,5436,Porsanger,54,Troms og Finnmark,3998,4
2020-04-03,2020-04-03T17:00:00Z,5437,Karasjok,NA,NA,5437,Karasjok,54,Troms og Finnmark,2628,1
2020-04-03,2020-04-03T17:00:00Z,5438,Lebesby,NA,NA,5438,Lebesby,54,Troms og Finnmark,1290,0
2020-04-03,2020-04-03T17:00:00Z,5439,Gamvik,NA,NA,5439,Gamvik,54,Troms og Finnmark,1132,0
2020-04-03,2020-04-03T17:00:00Z,5440,Berlevåg,NA,NA,5440,Berlevåg,54,Troms og Finnmark,957,0
2020-04-03,2020-04-03T17:00:00Z,5441,Tana,NA,NA,5441,Tana,54,Troms og Finnmark,2918,1
2020-04-03,2020-04-03T17:00:00Z,5442,Nesseby,NA,NA,5442,Nesseby,54,Troms og Finnmark,926,1
2020-04-03,2020-04-03T17:00:00Z,5443,Båtsfjord,NA,NA,5443,Båtsfjord,54,Troms og Finnmark,2221,0
2020-04-03,2020-04-03T17:00:00Z,5444,Sør-Varanger,NA,NA,5444,Sør-Varanger,54,Troms og Finnmark,10158,4
2020-04-03,2020-04-03T17:00:00Z,9998,Svalbard,NA,NA,9998,Svalbard,99,Svalbard,NA,0
2020-04-03,2020-04-03T17:00:00Z,9999,Ukjent Kommune,NA,NA,9999,Ukjent Kommune,99,Ukjent Fylke,NA,2
