time,kommune_bydel_no,kommune_bydel_name,bydel_no,bydel_name,kommune_no,kommune_name,fylke_no,fylke_name,population,2020-03-26,2020-03-27,2020-03-28,2020-03-29,2020-03-30,2020-03-31,2020-04-01,2020-04-02
04:00:00,030101,Gamle Oslo,030101,Gamle Oslo,0301,Oslo,03,Oslo,58671,67,92,105,114,120,124,127,137
04:00:00,030102,Grünerløkka,030102,Grünerløkka,0301,Oslo,03,Oslo,62423,59,71,84,96,96,101,107,110
04:00:00,030103,Sagene,030103,Sagene,0301,Oslo,03,Oslo,45089,47,59,60,65,66,70,76,80
04:00:00,030104,St. Hanshaugen,030104,St. Hanshaugen,0301,Oslo,03,Oslo,38945,33,42,46,47,50,52,52,57
04:00:00,030105,Frogner,030105,Frogner,0301,Oslo,03,Oslo,59269,67,77,86,100,102,107,109,114
04:00:00,030106,Ullern,030106,Ullern,0301,Oslo,03,Oslo,34569,51,61,64,69,73,75,76,78
04:00:00,030107,Vestre Aker,030107,Vestre Aker,0301,Oslo,03,Oslo,50157,75,82,87,93,95,98,101,107
04:00:00,030108,Nordre Aker,030108,Nordre Aker,0301,Oslo,03,Oslo,52327,59,67,68,75,78,82,83,89
04:00:00,030109,Bjerke,030109,Bjerke,0301,Oslo,03,Oslo,33422,26,34,35,38,39,41,46,50
04:00:00,030110,Grorud,030110,Grorud,0301,Oslo,03,Oslo,27707,24,25,29,32,37,43,44,51
04:00:00,030111,Stovner,030111,Stovner,0301,Oslo,03,Oslo,33316,30,40,45,58,67,71,76,85
04:00:00,030112,Alna,030112,Alna,0301,Oslo,03,Oslo,49801,45,57,65,78,81,90,95,103
04:00:00,030113,Østensjø,030113,Østensjø,0301,Oslo,03,Oslo,50806,63,76,80,93,96,102,105,114
04:00:00,030114,Nordstrand,030114,Nordstrand,0301,Oslo,03,Oslo,52459,56,61,69,86,89,93,95,103
04:00:00,030115,Søndre Nordstrand,030115,Søndre Nordstrand,0301,Oslo,03,Oslo,39066,26,36,43,52,53,56,60,72
04:00:00,030116,Sentrum,030116,Sentrum,0301,Oslo,03,Oslo,1471,3,3,3,3,3,3,3,3
04:00:00,030117,Marka,030117,Marka,0301,Oslo,03,Oslo,1610,0,0,1,1,1,1,2,2
04:00:00,030199,Ukjent Bydel,030199,Ukjent,0301,Oslo,03,Oslo,2386,12,15,19,22,23,24,24,24
04:00:00,1101,Eigersund,NA,NA,1101,Eigersund,11,Rogaland,14811,6,6,9,9,9,10,10,10
04:00:00,1103,Stavanger,NA,NA,1103,Stavanger,11,Rogaland,143574,87,88,97,98,98,106,107,110
04:00:00,1106,Haugesund,NA,NA,1106,Haugesund,11,Rogaland,37357,41,47,47,47,47,47,48,48
04:00:00,1108,Sandnes,NA,NA,1108,Sandnes,11,Rogaland,79537,34,35,39,39,39,41,41,42
04:00:00,1111,Sokndal,NA,NA,1111,Sokndal,11,Rogaland,3280,2,2,2,2,2,2,2,2
04:00:00,1112,Lund,NA,NA,1112,Lund,11,Rogaland,3202,0,0,0,0,0,0,0,0
04:00:00,1114,Bjerkreim,NA,NA,1114,Bjerkreim,11,Rogaland,2787,0,0,0,0,0,0,0,0
04:00:00,1119,Hå,NA,NA,1119,Hå,11,Rogaland,18991,4,4,5,5,5,5,5,6
04:00:00,1120,Klepp,NA,NA,1120,Klepp,11,Rogaland,19588,4,4,5,5,5,5,5,5
04:00:00,1121,Time,NA,NA,1121,Time,11,Rogaland,18916,9,10,10,10,10,10,10,11
04:00:00,1122,Gjesdal,NA,NA,1122,Gjesdal,11,Rogaland,12002,5,5,7,7,7,7,7,7
04:00:00,1124,Sola,NA,NA,1124,Sola,11,Rogaland,27153,10,10,11,11,11,11,11,11
04:00:00,1127,Randaberg,NA,NA,1127,Randaberg,11,Rogaland,11221,6,6,7,7,7,7,7,7
04:00:00,1130,Strand,NA,NA,1130,Strand,11,Rogaland,12968,7,7,11,11,11,11,11,12
04:00:00,1133,Hjelmeland,NA,NA,1133,Hjelmeland,11,Rogaland,2574,0,0,0,0,0,0,0,0
04:00:00,1134,Suldal,NA,NA,1134,Suldal,11,Rogaland,3804,0,0,0,0,0,0,0,0
04:00:00,1135,Sauda,NA,NA,1135,Sauda,11,Rogaland,4595,3,3,3,3,3,3,3,3
04:00:00,1144,Kvitsøy,NA,NA,1144,Kvitsøy,11,Rogaland,517,0,0,0,0,0,0,0,0
04:00:00,1145,Bokn,NA,NA,1145,Bokn,11,Rogaland,852,0,0,0,0,0,0,0,0
04:00:00,1146,Tysvær,NA,NA,1146,Tysvær,11,Rogaland,11065,13,14,15,15,15,15,17,18
04:00:00,1149,Karmøy,NA,NA,1149,Karmøy,11,Rogaland,42186,28,30,30,30,30,31,31,32
04:00:00,1151,Utsira,NA,NA,1151,Utsira,11,Rogaland,198,0,0,0,0,0,0,0,0
04:00:00,1160,Vindafjord,NA,NA,1160,Vindafjord,11,Rogaland,8714,6,6,6,6,6,6,6,8
04:00:00,1505,Kristiansund,NA,NA,1505,Kristiansund,15,Møre og Romsdal,24179,8,8,11,11,11,11,11,12
04:00:00,1506,Molde,NA,NA,1506,Molde,15,Møre og Romsdal,31967,6,6,6,6,6,6,9,9
04:00:00,1507,Ålesund,NA,NA,1507,Ålesund,15,Møre og Romsdal,66258,20,20,20,20,20,20,21,22
04:00:00,1511,Vanylven,NA,NA,1511,Vanylven,15,Møre og Romsdal,3117,1,1,1,1,1,1,1,1
04:00:00,1514,Sande,NA,NA,1514,Sande,15,Møre og Romsdal,2461,1,1,1,1,1,3,4,4
04:00:00,1515,Herøy (Møre og Romsdal),NA,NA,1515,Herøy (Møre og Romsdal),15,Møre og Romsdal,8900,1,2,3,3,3,3,3,3
04:00:00,1516,Ulstein,NA,NA,1516,Ulstein,15,Møre og Romsdal,8571,5,5,5,5,5,4,4,6
04:00:00,1517,Hareid,NA,NA,1517,Hareid,15,Møre og Romsdal,5175,1,1,2,2,2,2,2,2
04:00:00,1520,Ørsta,NA,NA,1520,Ørsta,15,Møre og Romsdal,10825,5,5,6,6,6,6,6,6
04:00:00,1525,Stranda,NA,NA,1525,Stranda,15,Møre og Romsdal,4523,0,0,0,0,0,0,0,0
04:00:00,1528,Sykkylven,NA,NA,1528,Sykkylven,15,Møre og Romsdal,7625,0,0,0,0,0,0,0,0
04:00:00,1531,Sula,NA,NA,1531,Sula,15,Møre og Romsdal,9310,4,4,4,4,4,4,5,5
04:00:00,1532,Giske,NA,NA,1532,Giske,15,Møre og Romsdal,8462,3,4,4,4,4,4,4,4
04:00:00,1535,Vestnes,NA,NA,1535,Vestnes,15,Møre og Romsdal,6532,0,0,0,0,0,0,0,0
04:00:00,1539,Rauma,NA,NA,1539,Rauma,15,Møre og Romsdal,7468,7,8,8,8,8,8,9,10
04:00:00,1547,Aukra,NA,NA,1547,Aukra,15,Møre og Romsdal,3509,0,0,0,0,0,0,0,0
04:00:00,1554,Averøy,NA,NA,1554,Averøy,15,Møre og Romsdal,5788,0,0,0,0,0,0,0,0
04:00:00,1557,Gjemnes,NA,NA,1557,Gjemnes,15,Møre og Romsdal,2629,0,0,0,0,0,0,0,0
04:00:00,1560,Tingvoll,NA,NA,1560,Tingvoll,15,Møre og Romsdal,3025,1,1,1,1,1,1,1,1
04:00:00,1563,Sunndal,NA,NA,1563,Sunndal,15,Møre og Romsdal,7036,2,2,2,2,2,2,2,2
04:00:00,1566,Surnadal,NA,NA,1566,Surnadal,15,Møre og Romsdal,5920,0,0,0,0,0,0,1,1
04:00:00,1573,Smøla,NA,NA,1573,Smøla,15,Møre og Romsdal,2150,0,0,0,0,0,0,0,0
04:00:00,1576,Aure,NA,NA,1576,Aure,15,Møre og Romsdal,3507,0,0,0,1,1,1,1,1
04:00:00,1577,Volda,NA,NA,1577,Volda,15,Møre og Romsdal,10473,4,4,4,4,4,4,4,4
04:00:00,1578,Fjord,NA,NA,1578,Fjord,15,Møre og Romsdal,2549,1,1,1,1,1,1,1,1
04:00:00,1579,Hustadvika,NA,NA,1579,Hustadvika,15,Møre og Romsdal,13279,1,1,1,1,1,1,1,1
04:00:00,1804,Bodø,NA,NA,1804,Bodø,18,Nordland,52357,14,15,16,16,16,19,23,26
04:00:00,1806,Narvik,NA,NA,1806,Narvik,18,Nordland,21845,0,0,0,0,1,2,2,2
04:00:00,1811,Bindal,NA,NA,1811,Bindal,18,Nordland,1426,0,0,0,0,0,0,0,0
04:00:00,1812,Sømna,NA,NA,1812,Sømna,18,Nordland,1975,1,1,1,2,2,2,2,2
04:00:00,1813,Brønnøy,NA,NA,1813,Brønnøy,18,Nordland,7917,0,0,0,1,1,1,3,4
04:00:00,1815,Vega,NA,NA,1815,Vega,18,Nordland,1200,1,2,3,3,3,3,3,3
04:00:00,1816,Vevelstad,NA,NA,1816,Vevelstad,18,Nordland,462,0,0,0,0,0,0,0,0
04:00:00,1818,Herøy (Nordland),NA,NA,1818,Herøy (Nordland),18,Nordland,1777,0,0,0,0,0,0,0,0
04:00:00,1820,Alstahaug,NA,NA,1820,Alstahaug,18,Nordland,7447,0,2,2,2,2,2,2,2
04:00:00,1822,Leirfjord,NA,NA,1822,Leirfjord,18,Nordland,2294,0,1,1,2,2,2,2,2
04:00:00,1824,Vefsn,NA,NA,1824,Vefsn,18,Nordland,13278,0,0,0,0,0,0,0,1
04:00:00,1825,Grane,NA,NA,1825,Grane,18,Nordland,1482,0,0,0,0,0,0,0,1
04:00:00,1826,Hattfjelldal,NA,NA,1826,Hattfjelldal,18,Nordland,1297,0,0,0,0,0,0,0,0
04:00:00,1827,Dønna,NA,NA,1827,Dønna,18,Nordland,1371,2,3,5,5,5,5,5,5
04:00:00,1828,Nesna,NA,NA,1828,Nesna,18,Nordland,1761,0,0,0,0,0,0,0,0
04:00:00,1832,Hemnes,NA,NA,1832,Hemnes,18,Nordland,4454,0,0,0,0,0,0,0,0
04:00:00,1833,Rana,NA,NA,1833,Rana,18,Nordland,26184,2,2,3,3,3,3,3,3
04:00:00,1834,Lurøy,NA,NA,1834,Lurøy,18,Nordland,1890,0,0,0,0,0,0,0,0
04:00:00,1835,Træna,NA,NA,1835,Træna,18,Nordland,435,0,0,0,0,0,0,0,0
04:00:00,1836,Rødøy,NA,NA,1836,Rødøy,18,Nordland,1213,0,0,0,0,0,0,0,0
04:00:00,1837,Meløy,NA,NA,1837,Meløy,18,Nordland,6288,1,2,2,2,2,2,4,4
04:00:00,1838,Gildeskål,NA,NA,1838,Gildeskål,18,Nordland,1950,0,0,0,0,0,0,0,0
04:00:00,1839,Beiarn,NA,NA,1839,Beiarn,18,Nordland,1017,0,0,0,0,0,0,0,0
04:00:00,1840,Saltdal,NA,NA,1840,Saltdal,18,Nordland,4671,0,0,0,0,0,0,0,0
04:00:00,1841,Fauske,NA,NA,1841,Fauske,18,Nordland,9739,0,0,0,0,1,1,1,1
04:00:00,1845,Sørfold,NA,NA,1845,Sørfold,18,Nordland,1926,0,0,0,0,0,0,0,0
04:00:00,1848,Steigen,NA,NA,1848,Steigen,18,Nordland,2608,1,1,1,1,1,1,1,1
04:00:00,1851,Lødingen,NA,NA,1851,Lødingen,18,Nordland,2034,0,0,0,0,0,0,0,0
04:00:00,1853,Evenes,NA,NA,1853,Evenes,18,Nordland,1348,0,0,0,0,0,0,0,0
04:00:00,1856,Røst,NA,NA,1856,Røst,18,Nordland,498,0,0,0,0,0,0,0,0
04:00:00,1857,Værøy,NA,NA,1857,Værøy,18,Nordland,728,0,0,0,0,0,0,0,0
04:00:00,1859,Flakstad,NA,NA,1859,Flakstad,18,Nordland,1272,0,0,0,0,0,0,1,1
04:00:00,1860,Vestvågøy,NA,NA,1860,Vestvågøy,18,Nordland,11433,1,1,2,2,2,2,2,2
04:00:00,1865,Vågan,NA,NA,1865,Vågan,18,Nordland,9608,2,2,2,3,3,3,3,3
04:00:00,1866,Hadsel,NA,NA,1866,Hadsel,18,Nordland,8061,3,3,3,3,3,3,3,3
04:00:00,1867,Bø,NA,NA,1867,Bø,18,Nordland,2569,0,0,0,0,0,0,0,0
04:00:00,1868,Øksnes,NA,NA,1868,Øksnes,18,Nordland,4410,0,0,0,0,0,0,0,0
04:00:00,1870,Sortland,NA,NA,1870,Sortland,18,Nordland,10566,1,1,1,1,1,1,2,2
04:00:00,1871,Andøy,NA,NA,1871,Andøy,18,Nordland,4663,0,0,0,0,0,0,0,0
04:00:00,1874,Moskenes,NA,NA,1874,Moskenes,18,Nordland,1015,0,0,0,0,0,0,0,0
04:00:00,1875,Hamarøy,NA,NA,1875,Hamarøy,18,Nordland,2766,0,0,0,0,0,0,0,0
04:00:00,3001,Halden,NA,NA,3001,Halden,30,Viken,31373,5,6,7,7,7,8,8,8
04:00:00,3002,Moss,NA,NA,3002,Moss,30,Viken,49273,17,20,20,21,21,23,23,23
04:00:00,3003,Sarpsborg,NA,NA,3003,Sarpsborg,30,Viken,56732,19,19,19,19,19,19,20,20
04:00:00,3004,Fredrikstad,NA,NA,3004,Fredrikstad,30,Viken,82385,33,34,34,34,34,34,35,35
04:00:00,3005,Drammen,NA,NA,3005,Drammen,30,Viken,101386,55,63,65,73,73,80,88,104
04:00:00,3006,Kongsberg,NA,NA,3006,Kongsberg,30,Viken,27723,14,14,15,15,15,15,15,17
04:00:00,3007,Ringerike,NA,NA,3007,Ringerike,30,Viken,30641,2,2,3,4,4,4,4,4
04:00:00,3011,Hvaler,NA,NA,3011,Hvaler,30,Viken,4668,0,1,1,1,1,1,1,1
04:00:00,3012,Aremark,NA,NA,3012,Aremark,30,Viken,1325,0,0,0,0,0,0,0,0
04:00:00,3013,Marker,NA,NA,3013,Marker,30,Viken,3595,0,0,0,0,0,0,0,0
04:00:00,3014,Indre Østfold,NA,NA,3014,Indre Østfold,30,Viken,44792,25,28,28,28,28,28,29,29
04:00:00,3015,Skiptvet,NA,NA,3015,Skiptvet,30,Viken,3805,1,1,1,1,1,1,1,1
04:00:00,3016,Rakkestad,NA,NA,3016,Rakkestad,30,Viken,8255,0,0,0,0,0,0,0,0
04:00:00,3017,Råde,NA,NA,3017,Råde,30,Viken,7508,1,1,1,1,1,1,1,1
04:00:00,3018,Våler (Viken),NA,NA,3018,Våler (Viken),30,Viken,5736,1,1,1,1,1,1,1,1
04:00:00,3019,Vestby,NA,NA,3019,Vestby,30,Viken,18042,15,15,15,15,15,15,15,15
04:00:00,3020,Nordre Follo,NA,NA,3020,Nordre Follo,30,Viken,59288,51,61,63,67,67,71,75,80
04:00:00,3021,Ås,NA,NA,3021,Ås,30,Viken,20439,11,13,14,15,15,15,15,15
04:00:00,3022,Frogn,NA,NA,3022,Frogn,30,Viken,15877,14,15,15,15,16,16,16,16
04:00:00,3023,Nesodden,NA,NA,3023,Nesodden,30,Viken,19616,26,33,34,36,36,37,37,40
04:00:00,3024,Bærum,NA,NA,3024,Bærum,30,Viken,127731,186,220,230,241,248,266,279,290
04:00:00,3025,Asker,NA,NA,3025,Asker,30,Viken,94441,70,77,83,87,87,96,104,118
04:00:00,3026,Aurskog-Høland,NA,NA,3026,Aurskog-Høland,30,Viken,17390,2,2,2,4,4,4,4,4
04:00:00,3027,Rælingen,NA,NA,3027,Rælingen,30,Viken,18530,8,13,13,14,15,15,15,15
04:00:00,3028,Enebakk,NA,NA,3028,Enebakk,30,Viken,11110,16,17,17,19,19,19,20,21
04:00:00,3029,Lørenskog,NA,NA,3029,Lørenskog,30,Viken,41460,44,49,52,56,56,58,58,59
04:00:00,3030,Lillestrøm,NA,NA,3030,Lillestrøm,30,Viken,85983,77,93,94,98,98,101,105,111
04:00:00,3031,Nittedal,NA,NA,3031,Nittedal,30,Viken,24249,34,37,37,39,39,40,40,42
04:00:00,3032,Gjerdrum,NA,NA,3032,Gjerdrum,30,Viken,6890,2,4,4,4,4,5,5,6
04:00:00,3033,Ullensaker,NA,NA,3033,Ullensaker,30,Viken,39625,26,32,33,36,36,38,39,42
04:00:00,3034,Nes,NA,NA,3034,Nes,30,Viken,23092,7,9,9,9,9,10,10,10
04:00:00,3035,Eidsvoll,NA,NA,3035,Eidsvoll,30,Viken,25436,20,21,23,26,26,26,26,27
04:00:00,3036,Nannestad,NA,NA,3036,Nannestad,30,Viken,14139,8,11,11,12,13,13,13,14
04:00:00,3037,Hurdal,NA,NA,3037,Hurdal,30,Viken,2854,1,2,2,2,2,2,2,2
04:00:00,3038,Hole,NA,NA,3038,Hole,30,Viken,6799,7,7,7,7,7,8,9,9
04:00:00,3039,Flå,NA,NA,3039,Flå,30,Viken,1050,1,1,1,1,1,1,1,1
04:00:00,3040,Nesbyen,NA,NA,3040,Nesbyen,30,Viken,3273,2,2,3,3,3,4,4,5
04:00:00,3041,Gol,NA,NA,3041,Gol,30,Viken,4608,4,4,6,7,7,7,7,8
04:00:00,3042,Hemsedal,NA,NA,3042,Hemsedal,30,Viken,2486,7,7,7,7,7,8,8,8
04:00:00,3043,Ål,NA,NA,3043,Ål,30,Viken,4674,5,6,8,9,9,11,11,11
04:00:00,3044,Hol,NA,NA,3044,Hol,30,Viken,4441,24,31,34,37,37,39,39,43
04:00:00,3045,Sigdal,NA,NA,3045,Sigdal,30,Viken,3467,0,0,0,0,0,0,0,0
04:00:00,3046,Krødsherad,NA,NA,3046,Krødsherad,30,Viken,2212,0,0,0,0,0,0,0,0
04:00:00,3047,Modum,NA,NA,3047,Modum,30,Viken,14115,3,5,6,6,6,7,7,8
04:00:00,3048,Øvre Eiker,NA,NA,3048,Øvre Eiker,30,Viken,19423,2,3,3,3,3,3,3,4
04:00:00,3049,Lier,NA,NA,3049,Lier,30,Viken,26811,13,17,17,17,17,19,20,21
04:00:00,3050,Flesberg,NA,NA,3050,Flesberg,30,Viken,2688,1,1,1,1,1,1,1,1
04:00:00,3051,Rollag,NA,NA,3051,Rollag,30,Viken,1390,0,0,0,0,0,0,0,0
04:00:00,3052,Nore og Uvdal,NA,NA,3052,Nore og Uvdal,30,Viken,2439,1,1,1,1,1,1,1,1
04:00:00,3053,Jevnaker,NA,NA,3053,Jevnaker,30,Viken,6852,5,5,5,5,5,5,5,5
04:00:00,3054,Lunner,NA,NA,3054,Lunner,30,Viken,9048,2,2,2,4,4,4,5,9
04:00:00,3401,Kongsvinger,NA,NA,3401,Kongsvinger,34,Innlandet,17829,0,1,1,1,1,1,1,1
04:00:00,3403,Hamar,NA,NA,3403,Hamar,34,Innlandet,31369,15,30,35,36,41,51,60,65
04:00:00,3405,Lillehammer,NA,NA,3405,Lillehammer,34,Innlandet,28345,13,22,23,25,25,26,26,27
04:00:00,3407,Gjøvik,NA,NA,3407,Gjøvik,34,Innlandet,30560,7,7,7,8,9,11,13,14
04:00:00,3411,Ringsaker,NA,NA,3411,Ringsaker,34,Innlandet,34768,25,33,33,38,41,47,53,54
04:00:00,3412,Løten,NA,NA,3412,Løten,34,Innlandet,7674,3,6,6,7,8,9,11,11
04:00:00,3413,Stange,NA,NA,3413,Stange,34,Innlandet,21064,2,7,15,18,19,23,29,30
04:00:00,3414,Nord-Odal,NA,NA,3414,Nord-Odal,34,Innlandet,5016,0,0,0,0,0,0,0,0
04:00:00,3415,Sør-Odal,NA,NA,3415,Sør-Odal,34,Innlandet,7905,8,8,8,9,9,10,10,10
04:00:00,3416,Eidskog,NA,NA,3416,Eidskog,34,Innlandet,6106,3,3,3,3,3,3,3,3
04:00:00,3417,Grue,NA,NA,3417,Grue,34,Innlandet,4612,0,1,3,3,3,3,3,4
04:00:00,3418,Åsnes,NA,NA,3418,Åsnes,34,Innlandet,7203,1,1,1,1,2,2,3,3
04:00:00,3419,Våler (Innlandet),NA,NA,3419,Våler (Innlandet),34,Innlandet,3662,1,1,1,1,1,1,1,1
04:00:00,3420,Elverum,NA,NA,3420,Elverum,34,Innlandet,21254,5,7,7,7,7,9,10,11
04:00:00,3421,Trysil,NA,NA,3421,Trysil,34,Innlandet,6627,0,0,0,0,0,1,1,1
04:00:00,3422,Åmot,NA,NA,3422,Åmot,34,Innlandet,4356,1,1,1,1,1,1,1,1
04:00:00,3423,Stor-Elvdal,NA,NA,3423,Stor-Elvdal,34,Innlandet,2419,0,0,0,0,0,0,0,0
04:00:00,3424,Rendalen,NA,NA,3424,Rendalen,34,Innlandet,1780,0,0,0,0,0,0,0,0
04:00:00,3425,Engerdal,NA,NA,3425,Engerdal,34,Innlandet,1268,1,1,2,2,2,2,2,2
04:00:00,3426,Tolga,NA,NA,3426,Tolga,34,Innlandet,1562,0,0,0,0,0,0,0,0
04:00:00,3427,Tynset,NA,NA,3427,Tynset,34,Innlandet,5578,0,0,0,0,0,0,0,0
04:00:00,3428,Alvdal,NA,NA,3428,Alvdal,34,Innlandet,2432,1,1,1,1,1,1,1,1
04:00:00,3429,Folldal,NA,NA,3429,Folldal,34,Innlandet,1545,0,0,0,0,0,0,0,0
04:00:00,3430,Os,NA,NA,3430,Os,34,Innlandet,1891,0,0,0,0,0,0,0,0
04:00:00,3431,Dovre,NA,NA,3431,Dovre,34,Innlandet,2553,1,2,2,2,2,3,4,5
04:00:00,3432,Lesja,NA,NA,3432,Lesja,34,Innlandet,1975,0,0,0,0,0,1,1,1
04:00:00,3433,Skjåk,NA,NA,3433,Skjåk,34,Innlandet,2197,1,1,1,1,1,1,1,1
04:00:00,3434,Lom,NA,NA,3434,Lom,34,Innlandet,2228,0,1,3,3,3,3,3,3
04:00:00,3435,Vågå,NA,NA,3435,Vågå,34,Innlandet,3570,1,1,1,1,1,1,1,1
04:00:00,3436,Nord-Fron,NA,NA,3436,Nord-Fron,34,Innlandet,5723,6,9,10,12,12,13,13,13
04:00:00,3437,Sel,NA,NA,3437,Sel,34,Innlandet,5739,34,35,35,35,35,35,35,36
04:00:00,3438,Sør-Fron,NA,NA,3438,Sør-Fron,34,Innlandet,3119,0,0,0,1,1,1,1,1
04:00:00,3439,Ringebu,NA,NA,3439,Ringebu,34,Innlandet,4392,4,4,6,6,6,6,7,7
04:00:00,3440,Øyer,NA,NA,3440,Øyer,34,Innlandet,5100,0,0,0,0,0,1,1,1
04:00:00,3441,Gausdal,NA,NA,3441,Gausdal,34,Innlandet,6106,3,4,4,4,4,5,5,5
04:00:00,3442,Østre Toten,NA,NA,3442,Østre Toten,34,Innlandet,14973,3,4,4,4,4,4,4,4
04:00:00,3443,Vestre Toten,NA,NA,3443,Vestre Toten,34,Innlandet,13427,2,3,3,4,4,5,5,9
04:00:00,3446,Gran,NA,NA,3446,Gran,34,Innlandet,13630,0,3,6,6,6,7,9,9
04:00:00,3447,Søndre Land,NA,NA,3447,Søndre Land,34,Innlandet,5617,0,0,0,0,0,0,0,0
04:00:00,3448,Nordre Land,NA,NA,3448,Nordre Land,34,Innlandet,6633,0,0,0,0,0,0,1,1
04:00:00,3449,Sør-Aurdal,NA,NA,3449,Sør-Aurdal,34,Innlandet,2954,0,0,0,0,0,0,0,0
04:00:00,3450,Etnedal,NA,NA,3450,Etnedal,34,Innlandet,1279,0,0,0,0,0,0,0,0
04:00:00,3451,Nord-Aurdal,NA,NA,3451,Nord-Aurdal,34,Innlandet,6413,5,5,6,6,6,6,8,8
04:00:00,3452,Vestre Slidre,NA,NA,3452,Vestre Slidre,34,Innlandet,2125,0,0,0,0,0,0,0,0
04:00:00,3453,Øystre Slidre,NA,NA,3453,Øystre Slidre,34,Innlandet,3229,0,0,0,0,0,0,0,0
04:00:00,3454,Vang,NA,NA,3454,Vang,34,Innlandet,1578,0,0,0,0,0,0,0,0
04:00:00,3801,Horten,NA,NA,3801,Horten,38,Vestfold og Telemark,27351,15,16,16,16,17,18,18,18
04:00:00,3802,Holmestrand,NA,NA,3802,Holmestrand,38,Vestfold og Telemark,24699,10,11,11,11,12,13,14,15
04:00:00,3803,Tønsberg,NA,NA,3803,Tønsberg,38,Vestfold og Telemark,56293,18,23,24,26,32,33,33,36
04:00:00,3804,Sandefjord,NA,NA,3804,Sandefjord,38,Vestfold og Telemark,63764,20,24,25,25,26,27,29,30
04:00:00,3805,Larvik,NA,NA,3805,Larvik,38,Vestfold og Telemark,47204,5,7,8,11,11,11,12,12
04:00:00,3806,Porsgrunn,NA,NA,3806,Porsgrunn,38,Vestfold og Telemark,36397,5,5,5,5,5,5,5,6
04:00:00,3807,Skien,NA,NA,3807,Skien,38,Vestfold og Telemark,54942,24,30,30,30,30,33,33,36
04:00:00,3808,Notodden,NA,NA,3808,Notodden,38,Vestfold og Telemark,13049,4,4,4,4,4,4,4,4
04:00:00,3811,Færder,NA,NA,3811,Færder,38,Vestfold og Telemark,26730,19,20,20,20,20,20,20,20
04:00:00,3812,Siljan,NA,NA,3812,Siljan,38,Vestfold og Telemark,2340,0,0,0,0,0,2,2,2
04:00:00,3813,Bamble,NA,NA,3813,Bamble,38,Vestfold og Telemark,14061,2,5,5,5,5,5,5,5
04:00:00,3814,Kragerø,NA,NA,3814,Kragerø,38,Vestfold og Telemark,10380,0,1,1,1,1,1,1,1
04:00:00,3815,Drangedal,NA,NA,3815,Drangedal,38,Vestfold og Telemark,4060,0,0,0,0,0,0,1,1
04:00:00,3816,Nome,NA,NA,3816,Nome,38,Vestfold og Telemark,6515,0,0,0,0,0,1,1,1
04:00:00,3817,Midt-Telemark,NA,NA,3817,Midt-Telemark,38,Vestfold og Telemark,10444,0,0,0,0,0,0,0,0
04:00:00,3818,Tinn,NA,NA,3818,Tinn,38,Vestfold og Telemark,5691,0,0,0,0,0,0,1,1
04:00:00,3819,Hjartdal,NA,NA,3819,Hjartdal,38,Vestfold og Telemark,1573,0,0,0,0,0,0,0,0
04:00:00,3820,Seljord,NA,NA,3820,Seljord,38,Vestfold og Telemark,2888,0,0,0,0,0,0,0,0
04:00:00,3821,Kviteseid,NA,NA,3821,Kviteseid,38,Vestfold og Telemark,2403,0,0,0,0,0,0,0,0
04:00:00,3822,Nissedal,NA,NA,3822,Nissedal,38,Vestfold og Telemark,1448,0,0,0,0,0,0,0,0
04:00:00,3823,Fyresdal,NA,NA,3823,Fyresdal,38,Vestfold og Telemark,1287,0,0,0,0,0,0,0,0
04:00:00,3824,Tokke,NA,NA,3824,Tokke,38,Vestfold og Telemark,2201,0,0,0,0,0,0,0,0
04:00:00,3825,Vinje,NA,NA,3825,Vinje,38,Vestfold og Telemark,3676,0,0,0,0,0,1,1,2
04:00:00,4201,Risør,NA,NA,4201,Risør,42,Agder,6809,0,0,0,0,0,0,0,0
04:00:00,4202,Grimstad,NA,NA,4202,Grimstad,42,Agder,23544,1,1,1,1,1,1,1,1
04:00:00,4203,Arendal,NA,NA,4203,Arendal,42,Agder,44999,16,18,19,19,19,20,21,22
04:00:00,4204,Kristiansand,NA,NA,4204,Kristiansand,42,Agder,111633,80,90,94,96,101,110,119,132
04:00:00,4205,Lindesnes,NA,NA,4205,Lindesnes,42,Agder,23046,4,6,7,7,7,7,9,9
04:00:00,4206,Farsund,NA,NA,4206,Farsund,42,Agder,9691,11,11,11,11,11,11,11,11
04:00:00,4207,Flekkefjord,NA,NA,4207,Flekkefjord,42,Agder,9028,0,0,0,0,0,0,0,0
04:00:00,4211,Gjerstad,NA,NA,4211,Gjerstad,42,Agder,2428,0,0,1,1,1,1,2,2
04:00:00,4212,Vegårshei,NA,NA,4212,Vegårshei,42,Agder,2097,0,0,0,0,0,0,0,0
04:00:00,4213,Tvedestrand,NA,NA,4213,Tvedestrand,42,Agder,6053,0,0,0,0,0,0,0,0
04:00:00,4214,Froland,NA,NA,4214,Froland,42,Agder,5951,0,0,1,1,1,1,1,1
04:00:00,4215,Lillesand,NA,NA,4215,Lillesand,42,Agder,11074,3,4,7,7,7,7,7,7
04:00:00,4216,Birkenes,NA,NA,4216,Birkenes,42,Agder,5226,3,3,3,3,3,3,3,3
04:00:00,4217,Åmli,NA,NA,4217,Åmli,42,Agder,1836,1,1,1,1,1,1,1,1
04:00:00,4218,Iveland,NA,NA,4218,Iveland,42,Agder,1331,1,1,1,1,1,1,1,1
04:00:00,4219,Evje og Hornnes,NA,NA,4219,Evje og Hornnes,42,Agder,3634,1,1,1,1,1,1,1,1
04:00:00,4220,Bygland,NA,NA,4220,Bygland,42,Agder,1162,2,2,2,2,2,2,2,2
04:00:00,4221,Valle,NA,NA,4221,Valle,42,Agder,1164,0,0,0,0,0,0,0,0
04:00:00,4222,Bykle,NA,NA,4222,Bykle,42,Agder,965,3,3,3,3,3,3,3,3
04:00:00,4223,Vennesla,NA,NA,4223,Vennesla,42,Agder,14774,1,1,1,1,1,1,1,4
04:00:00,4224,Åseral,NA,NA,4224,Åseral,42,Agder,932,0,0,0,0,0,0,0,0
04:00:00,4225,Lyngdal,NA,NA,4225,Lyngdal,42,Agder,10365,4,4,4,4,4,4,4,4
04:00:00,4226,Hægebostad,NA,NA,4226,Hægebostad,42,Agder,1680,1,1,1,1,1,1,1,1
04:00:00,4227,Kvinesdal,NA,NA,4227,Kvinesdal,42,Agder,5987,1,1,1,1,1,1,1,1
04:00:00,4228,Sirdal,NA,NA,4228,Sirdal,42,Agder,1822,0,0,0,0,0,0,1,1
04:00:00,460101,Arna,460101,Arna,4601,Bergen,46,Vestland,13820,4,4,4,4,6,7,7,8
04:00:00,460102,Bergenhus,460102,Bergenhus,4601,Bergen,46,Vestland,42790,38,43,45,47,48,48,51,52
04:00:00,460103,Fana,460103,Fana,4601,Bergen,46,Vestland,43139,35,36,40,40,40,40,43,43
04:00:00,460104,Fyllingsdalen,460104,Fyllingsdalen,4601,Bergen,46,Vestland,30071,20,22,26,27,29,29,31,34
04:00:00,460105,Laksevåg,460105,Laksevåg,4601,Bergen,46,Vestland,40409,21,23,27,27,30,30,31,35
04:00:00,460106,Ytrebygda,460106,Ytrebygda,4601,Bergen,46,Vestland,29279,18,21,23,23,23,24,25,25
04:00:00,460107,Årstad,460107,Årstad,4601,Bergen,46,Vestland,42223,41,42,42,43,45,45,45,49
04:00:00,460108,Åsane,460108,Åsane,4601,Bergen,46,Vestland,41629,25,26,26,26,27,27,27,28
04:00:00,460199,Ukjent Bydel,460199,Ukjent,4601,Bergen,46,Vestland,569,29,31,33,33,33,33,33,33
04:00:00,4602,Kinn,NA,NA,4602,Kinn,46,Vestland,17207,4,5,5,6,7,7,7,7
04:00:00,4611,Etne,NA,NA,4611,Etne,46,Vestland,4062,4,4,4,4,4,4,4,4
04:00:00,4612,Sveio,NA,NA,4612,Sveio,46,Vestland,5766,2,2,2,2,2,2,3,3
04:00:00,4613,Bømlo,NA,NA,4613,Bømlo,46,Vestland,11957,2,2,2,2,2,3,3,3
04:00:00,4614,Stord,NA,NA,4614,Stord,46,Vestland,18759,3,3,4,4,4,4,6,6
04:00:00,4615,Fitjar,NA,NA,4615,Fitjar,46,Vestland,3189,2,3,3,4,4,4,5,5
04:00:00,4616,Tysnes,NA,NA,4616,Tysnes,46,Vestland,2869,0,0,0,0,0,0,0,0
04:00:00,4617,Kvinnherad,NA,NA,4617,Kvinnherad,46,Vestland,13071,2,3,4,4,4,4,4,4
04:00:00,4618,Ullensvang,NA,NA,4618,Ullensvang,46,Vestland,11048,0,0,0,0,0,0,0,0
04:00:00,4619,Eidfjord,NA,NA,4619,Eidfjord,46,Vestland,906,0,0,0,0,0,0,0,0
04:00:00,4620,Ulvik,NA,NA,4620,Ulvik,46,Vestland,1080,1,1,1,1,1,1,2,2
04:00:00,4621,Voss,NA,NA,4621,Voss,46,Vestland,15740,20,22,22,23,23,23,23,23
04:00:00,4622,Kvam,NA,NA,4622,Kvam,46,Vestland,8457,2,4,5,5,5,6,6,6
04:00:00,4623,Samnanger,NA,NA,4623,Samnanger,46,Vestland,2485,0,0,0,0,0,0,0,0
04:00:00,4624,Bjørnafjorden,NA,NA,4624,Bjørnafjorden,46,Vestland,24908,12,12,12,12,13,13,13,13
04:00:00,4625,Austevoll,NA,NA,4625,Austevoll,46,Vestland,5236,2,2,3,3,3,3,4,4
04:00:00,4626,Øygarden,NA,NA,4626,Øygarden,46,Vestland,38316,23,29,31,31,33,33,33,34
04:00:00,4627,Askøy,NA,NA,4627,Askøy,46,Vestland,29553,17,17,20,20,22,23,24,26
04:00:00,4628,Vaksdal,NA,NA,4628,Vaksdal,46,Vestland,3977,1,1,1,1,1,1,1,1
04:00:00,4629,Modalen,NA,NA,4629,Modalen,46,Vestland,388,0,0,0,0,0,0,0,0
04:00:00,4630,Osterøy,NA,NA,4630,Osterøy,46,Vestland,8098,0,0,0,0,0,0,0,0
04:00:00,4631,Alver,NA,NA,4631,Alver,46,Vestland,29224,9,11,11,11,11,12,15,15
04:00:00,4632,Austrheim,NA,NA,4632,Austrheim,46,Vestland,2870,0,0,0,0,0,0,0,0
04:00:00,4633,Fedje,NA,NA,4633,Fedje,46,Vestland,548,0,0,0,0,0,0,0,0
04:00:00,4634,Masfjorden,NA,NA,4634,Masfjorden,46,Vestland,1691,0,0,0,0,0,0,0,0
04:00:00,4635,Gulen,NA,NA,4635,Gulen,46,Vestland,2297,0,0,0,0,0,0,0,0
04:00:00,4636,Solund,NA,NA,4636,Solund,46,Vestland,802,2,2,3,3,3,3,3,3
04:00:00,4637,Hyllestad,NA,NA,4637,Hyllestad,46,Vestland,1328,0,0,0,0,0,0,0,0
04:00:00,4638,Høyanger,NA,NA,4638,Høyanger,46,Vestland,4101,2,2,2,2,2,2,2,2
04:00:00,4639,Vik,NA,NA,4639,Vik,46,Vestland,2635,0,0,0,0,0,0,0,0
04:00:00,4640,Sogndal,NA,NA,4640,Sogndal,46,Vestland,11847,6,6,6,7,7,7,7,7
04:00:00,4641,Aurland,NA,NA,4641,Aurland,46,Vestland,1781,0,0,0,0,0,0,0,0
04:00:00,4642,Lærdal,NA,NA,4642,Lærdal,46,Vestland,2126,0,0,0,0,0,0,0,0
04:00:00,4643,Årdal,NA,NA,4643,Årdal,46,Vestland,5193,0,0,0,0,0,0,0,0
04:00:00,4644,Luster,NA,NA,4644,Luster,46,Vestland,5174,3,3,4,4,4,4,4,4
04:00:00,4645,Askvoll,NA,NA,4645,Askvoll,46,Vestland,3011,0,0,0,0,0,0,0,0
04:00:00,4646,Fjaler,NA,NA,4646,Fjaler,46,Vestland,2802,0,0,0,0,0,0,0,0
04:00:00,4647,Sunnfjord,NA,NA,4647,Sunnfjord,46,Vestland,22030,11,13,13,13,13,13,16,17
04:00:00,4648,Bremanger,NA,NA,4648,Bremanger,46,Vestland,3629,0,0,0,0,0,0,0,0
04:00:00,4649,Stad,NA,NA,4649,Stad,46,Vestland,9457,0,0,0,0,0,0,0,0
04:00:00,4650,Gloppen,NA,NA,4650,Gloppen,46,Vestland,5854,2,2,2,2,2,2,2,3
04:00:00,4651,Stryn,NA,NA,4651,Stryn,46,Vestland,7130,8,8,10,10,10,10,11,11
04:00:00,5001,Trondheim,NA,NA,5001,Trondheim,50,Trøndelag,205163,113,136,149,159,171,178,180,182
04:00:00,5006,Steinkjer,NA,NA,5006,Steinkjer,50,Trøndelag,24357,6,6,6,6,9,10,10,11
04:00:00,5007,Namsos,NA,NA,5007,Namsos,50,Trøndelag,15230,1,1,2,2,2,2,4,5
04:00:00,5014,Frøya,NA,NA,5014,Frøya,50,Trøndelag,5151,0,0,0,0,0,0,0,0
04:00:00,5020,Osen,NA,NA,5020,Osen,50,Trøndelag,948,0,0,0,0,0,0,0,0
04:00:00,5021,Oppdal,NA,NA,5021,Oppdal,50,Trøndelag,7001,6,6,8,8,8,8,8,8
04:00:00,5022,Rennebu,NA,NA,5022,Rennebu,50,Trøndelag,2486,3,4,5,5,5,5,5,5
04:00:00,5025,Røros,NA,NA,5025,Røros,50,Trøndelag,5581,0,0,0,0,0,0,0,0
04:00:00,5026,Holtålen,NA,NA,5026,Holtålen,50,Trøndelag,1981,1,1,1,1,1,1,1,1
04:00:00,5027,Midtre Gauldal,NA,NA,5027,Midtre Gauldal,50,Trøndelag,6238,4,7,7,7,7,7,7,7
04:00:00,5028,Melhus,NA,NA,5028,Melhus,50,Trøndelag,16733,3,3,3,3,3,3,3,3
04:00:00,5029,Skaun,NA,NA,5029,Skaun,50,Trøndelag,8325,4,4,4,4,4,4,4,4
04:00:00,5031,Malvik,NA,NA,5031,Malvik,50,Trøndelag,14148,2,4,4,4,4,4,6,7
04:00:00,5032,Selbu,NA,NA,5032,Selbu,50,Trøndelag,4062,2,2,2,2,2,2,3,3
04:00:00,5033,Tydal,NA,NA,5033,Tydal,50,Trøndelag,769,0,0,0,0,0,0,0,0
04:00:00,5034,Meråker,NA,NA,5034,Meråker,50,Trøndelag,2422,0,0,0,0,0,1,1,1
04:00:00,5035,Stjørdal,NA,NA,5035,Stjørdal,50,Trøndelag,24145,4,4,4,4,4,4,4,5
04:00:00,5036,Frosta,NA,NA,5036,Frosta,50,Trøndelag,2627,28,28,28,28,28,28,28,28
04:00:00,5037,Levanger,NA,NA,5037,Levanger,50,Trøndelag,20164,10,12,12,15,15,16,16,16
04:00:00,5038,Verdal,NA,NA,5038,Verdal,50,Trøndelag,14948,9,11,11,11,11,11,12,12
04:00:00,5041,Snåsa,NA,NA,5041,Snåsa,50,Trøndelag,2063,0,0,0,0,0,0,0,0
04:00:00,5042,Lierne,NA,NA,5042,Lierne,50,Trøndelag,1355,0,0,0,0,0,0,0,0
04:00:00,5043,Røyrvik,NA,NA,5043,Røyrvik,50,Trøndelag,461,0,0,0,0,0,0,0,0
04:00:00,5044,Namsskogan,NA,NA,5044,Namsskogan,50,Trøndelag,843,0,0,0,0,0,0,0,0
04:00:00,5045,Grong,NA,NA,5045,Grong,50,Trøndelag,2359,2,3,3,3,3,3,3,3
04:00:00,5046,Høylandet,NA,NA,5046,Høylandet,50,Trøndelag,1231,0,1,1,1,1,1,1,1
04:00:00,5047,Overhalla,NA,NA,5047,Overhalla,50,Trøndelag,3884,1,1,1,1,1,1,2,4
04:00:00,5049,Flatanger,NA,NA,5049,Flatanger,50,Trøndelag,1103,0,0,0,0,0,0,0,0
04:00:00,5052,Leka,NA,NA,5052,Leka,50,Trøndelag,557,0,0,0,0,0,0,0,0
04:00:00,5053,Inderøy,NA,NA,5053,Inderøy,50,Trøndelag,6816,3,7,7,7,7,7,7,7
04:00:00,5054,Indre Fosen,NA,NA,5054,Indre Fosen,50,Trøndelag,10084,1,1,1,1,1,1,1,2
04:00:00,5055,Heim,NA,NA,5055,Heim,50,Trøndelag,5963,0,1,1,1,1,1,1,1
04:00:00,5056,Hitra,NA,NA,5056,Hitra,50,Trøndelag,5050,0,0,0,0,0,0,0,1
04:00:00,5057,Ørland,NA,NA,5057,Ørland,50,Trøndelag,10323,7,10,10,10,10,10,10,10
04:00:00,5058,Åfjord,NA,NA,5058,Åfjord,50,Trøndelag,4288,1,1,1,1,1,1,1,1
04:00:00,5059,Orkland,NA,NA,5059,Orkland,50,Trøndelag,18217,6,7,9,10,11,11,11,11
04:00:00,5060,Nærøysund,NA,NA,5060,Nærøysund,50,Trøndelag,9623,0,0,0,0,0,0,0,0
04:00:00,5061,Rindal,NA,NA,5061,Rindal,50,Trøndelag,2003,0,0,0,0,0,0,0,0
04:00:00,5401,Tromsø,NA,NA,5401,Tromsø,54,Troms og Finnmark,76974,50,71,80,85,87,91,95,101
04:00:00,5402,Harstad,NA,NA,5402,Harstad,54,Troms og Finnmark,24703,1,4,4,4,4,4,4,4
04:00:00,5403,Alta,NA,NA,5403,Alta,54,Troms og Finnmark,20789,1,1,1,1,1,2,3,4
04:00:00,5404,Vardø,NA,NA,5404,Vardø,54,Troms og Finnmark,2029,0,1,1,1,1,1,1,1
04:00:00,5405,Vadsø,NA,NA,5405,Vadsø,54,Troms og Finnmark,5788,2,3,3,3,3,3,3,3
04:00:00,5406,Hammerfest,NA,NA,5406,Hammerfest,54,Troms og Finnmark,11448,8,9,11,13,13,13,13,13
04:00:00,5411,Kvæfjord,NA,NA,5411,Kvæfjord,54,Troms og Finnmark,2839,0,0,0,0,0,0,0,0
04:00:00,5412,Tjeldsund,NA,NA,5412,Tjeldsund,54,Troms og Finnmark,4216,1,1,1,1,1,1,1,1
04:00:00,5413,Ibestad,NA,NA,5413,Ibestad,54,Troms og Finnmark,1361,0,0,0,0,0,0,0,0
04:00:00,5414,Gratangen,NA,NA,5414,Gratangen,54,Troms og Finnmark,1091,0,0,0,0,0,0,0,0
04:00:00,5415,Lavangen,NA,NA,5415,Lavangen,54,Troms og Finnmark,1034,3,3,3,3,3,3,3,3
04:00:00,5416,Bardu,NA,NA,5416,Bardu,54,Troms og Finnmark,4005,0,0,1,1,1,1,1,1
04:00:00,5417,Salangen,NA,NA,5417,Salangen,54,Troms og Finnmark,2146,0,0,0,0,1,2,2,2
04:00:00,5418,Målselv,NA,NA,5418,Målselv,54,Troms og Finnmark,6640,0,0,0,0,0,0,0,0
04:00:00,5419,Sørreisa,NA,NA,5419,Sørreisa,54,Troms og Finnmark,3464,0,0,0,0,0,0,0,0
04:00:00,5420,Dyrøy,NA,NA,5420,Dyrøy,54,Troms og Finnmark,1083,0,0,0,0,0,0,0,0
04:00:00,5421,Senja,NA,NA,5421,Senja,54,Troms og Finnmark,14851,11,12,12,15,15,15,15,15
04:00:00,5422,Balsfjord,NA,NA,5422,Balsfjord,54,Troms og Finnmark,5559,0,0,0,0,0,0,0,0
04:00:00,5423,Karlsøy,NA,NA,5423,Karlsøy,54,Troms og Finnmark,2200,0,0,0,1,1,1,1,1
04:00:00,5424,Lyngen,NA,NA,5424,Lyngen,54,Troms og Finnmark,2794,1,1,1,1,1,1,1,1
04:00:00,5425,Storfjord,NA,NA,5425,Storfjord,54,Troms og Finnmark,1829,0,0,0,0,0,0,0,0
04:00:00,5426,Kåfjord,NA,NA,5426,Kåfjord,54,Troms og Finnmark,2071,0,0,0,0,0,0,0,0
04:00:00,5427,Skjervøy,NA,NA,5427,Skjervøy,54,Troms og Finnmark,2927,1,1,1,1,1,1,1,1
04:00:00,5428,Nordreisa,NA,NA,5428,Nordreisa,54,Troms og Finnmark,4861,0,0,0,1,1,1,1,1
04:00:00,5429,Kvænangen,NA,NA,5429,Kvænangen,54,Troms og Finnmark,1191,0,0,0,0,0,0,0,0
04:00:00,5430,Kautokeino,NA,NA,5430,Kautokeino,54,Troms og Finnmark,2910,1,1,1,1,1,1,1,1
04:00:00,5432,Loppa,NA,NA,5432,Loppa,54,Troms og Finnmark,888,0,0,0,0,0,0,0,0
04:00:00,5433,Hasvik,NA,NA,5433,Hasvik,54,Troms og Finnmark,1005,0,0,0,0,0,0,0,0
04:00:00,5434,Måsøy,NA,NA,5434,Måsøy,54,Troms og Finnmark,1225,0,0,0,0,0,0,0,0
04:00:00,5435,Nordkapp,NA,NA,5435,Nordkapp,54,Troms og Finnmark,3162,0,0,1,2,2,2,2,2
04:00:00,5436,Porsanger,NA,NA,5436,Porsanger,54,Troms og Finnmark,3998,1,3,3,3,3,3,3,3
04:00:00,5437,Karasjok,NA,NA,5437,Karasjok,54,Troms og Finnmark,2628,0,1,1,1,1,1,1,1
04:00:00,5438,Lebesby,NA,NA,5438,Lebesby,54,Troms og Finnmark,1290,0,0,0,0,0,0,0,0
04:00:00,5439,Gamvik,NA,NA,5439,Gamvik,54,Troms og Finnmark,1132,0,0,0,0,0,0,0,0
04:00:00,5440,Berlevåg,NA,NA,5440,Berlevåg,54,Troms og Finnmark,957,0,0,0,0,0,0,0,0
04:00:00,5441,Tana,NA,NA,5441,Tana,54,Troms og Finnmark,2918,0,0,0,0,0,0,0,0
04:00:00,5442,Nesseby,NA,NA,5442,Nesseby,54,Troms og Finnmark,926,1,1,1,1,1,1,1,1
04:00:00,5443,Båtsfjord,NA,NA,5443,Båtsfjord,54,Troms og Finnmark,2221,0,0,0,0,0,0,0,0
04:00:00,5444,Sør-Varanger,NA,NA,5444,Sør-Varanger,54,Troms og Finnmark,10158,1,3,3,4,4,4,4,4
04:00:00,9998,Svalbard,NA,NA,9998,Svalbard,99,Svalbard,NA,0,0,0,0,0,0,0,0
04:00:00,9999,Ukjent Kommune,NA,NA,9999,Ukjent Kommune,99,Ukjent Fylke,NA,109,12,1,0,1,0,2,0
